VariationID,ClinicalSignificance,DateLastEvaluated,Description,SubmittedPhenotypeInfo,ReportedPhenotypeInfo,ReviewStatus,CollectionMethod,OriginCounts,Submitter,SCV,SubmittedGeneSymbol,ExplanationOfInterpretation,SomaticClinicalImpact,Oncogenicity,ContributesToAggregateClassification,bucket
884412,Likely benign,2017-04-27,"This variant was observed as part of a predisposition screen in an ostensibly healthy population. A literature search was performed for the gene, cDNA change, and amino acid change (where applicable). No publications were found based on this search. Allele frequency data from public databases allowed determination this variant is unlikely to cause disease. Therefore, this variant is classified as likely benign.",OMIM:607822,C1843013:Alzheimer disease 3,"criteria provided, single submitter",clinical testing,germline:na,"Illumina Laboratory Services, Illumina",SCV001273452.1,PSEN1,-,-,-,yes,LB
884729,Likely benign,2018-01-12,"This variant was observed in the ICSL laboratory as part of a predisposition screen in an ostensibly healthy population. It had not been previously curated by ICSL or reported in the Human Gene Mutation Database (HGMD: prior to June 1st, 2018), and was therefore a candidate for classification through an automated scoring system. Utilizing variant allele frequency, disease prevalence and penetrance estimates, and inheritance mode, an automated score was calculated to assess if this variant is too frequent to cause the disease. Based on the score and internal cut-off values, a variant classified as likely benign is not then subjected to further curation. The score for this variant resulted in a classification of likely benign for this disease.",OMIM:607822,C1843013:Alzheimer disease 3,"criteria provided, single submitter",clinical testing,germline:na,"Illumina Laboratory Services, Illumina",SCV001273942.1,PSEN1,-,-,-,yes,LB
885730,Likely benign,2018-01-12,"This variant was observed in the ICSL laboratory as part of a predisposition screen in an ostensibly healthy population. It had not been previously curated by ICSL or reported in the Human Gene Mutation Database (HGMD: prior to June 1st, 2018), and was therefore a candidate for classification through an automated scoring system. Utilizing variant allele frequency, disease prevalence and penetrance estimates, and inheritance mode, an automated score was calculated to assess if this variant is too frequent to cause the disease. Based on the score and internal cut-off values, a variant classified as likely benign is not then subjected to further curation. The score for this variant resulted in a classification of likely benign for this disease.",OMIM:607822,C1843013:Alzheimer disease 3,"criteria provided, single submitter",clinical testing,germline:na,"Illumina Laboratory Services, Illumina",SCV001275687.1,PSEN1,-,-,-,yes,LB
884666,Likely benign,2018-01-13,"This variant was observed in the ICSL laboratory as part of a predisposition screen in an ostensibly healthy population. It had not been previously curated by ICSL or reported in the Human Gene Mutation Database (HGMD: prior to June 1st, 2018), and was therefore a candidate for classification through an automated scoring system. Utilizing variant allele frequency, disease prevalence and penetrance estimates, and inheritance mode, an automated score was calculated to assess if this variant is too frequent to cause the disease. Based on the score and internal cut-off values, a variant classified as likely benign is not then subjected to further curation. The score for this variant resulted in a classification of likely benign for this disease.",OMIM:607822,C1843013:Alzheimer disease 3,"criteria provided, single submitter",clinical testing,germline:na,"Illumina Laboratory Services, Illumina",SCV001273836.1,PSEN1,-,-,-,yes,LB
885669,Likely benign,2018-01-13,"This variant was observed in the ICSL laboratory as part of a predisposition screen in an ostensibly healthy population. It had not been previously curated by ICSL or reported in the Human Gene Mutation Database (HGMD: prior to June 1st, 2018), and was therefore a candidate for classification through an automated scoring system. Utilizing variant allele frequency, disease prevalence and penetrance estimates, and inheritance mode, an automated score was calculated to assess if this variant is too frequent to cause the disease. Based on the score and internal cut-off values, a variant classified as likely benign is not then subjected to further curation. The score for this variant resulted in a classification of likely benign for this disease.",OMIM:607822,C1843013:Alzheimer disease 3,"criteria provided, single submitter",clinical testing,germline:na,"Illumina Laboratory Services, Illumina",SCV001275565.1,PSEN1,-,-,-,yes,LB
313958,Benign,2022-05-01,"PSEN1: BS1, BS2",MedGen:CN517202,C3661900:not provided,"criteria provided, single submitter",clinical testing,germline:1,CeGaT Center for Human Genetics Tuebingen,SCV004136865.21,PSEN1,-,-,-,yes,B
1411431,Pathogenic,2022-08-16,"This variant is a gross deletion of the genomic region encompassing exon(s) 4-15 of the KANSL1 gene, which includes the termination codon. This deletion extends beyond the assayed region for this gene and therefore may encompass additional genes. While this deletion is not anticipated to lead to nonsense mediated decay, it is expected to alter mRNA translation or result in a truncated protein product. A similar copy number variant has been observed in individuals with clinical features of KANSL1-related conditions (Invitae). This variant disrupts a region of the KANSL1 protein in which other variant(s) (p.Ala590Arg) have been determined to be pathogenic (Invitae). This suggests that this is a clinically significant region of the protein, and that variants that disrupt it are likely to be disease-causing. For these reasons, this variant has been classified as Pathogenic.",MedGen:C1864871,C1864871:Koolen-de Vries syndrome,"criteria provided, single submitter",clinical testing,germline:na,"Labcorp Genetics (formerly Invitae), Labcorp",SCV003792457.2,KANSL1,-,-,-,yes,P
296002,Benign,2022-10-01,"PSEN2: BS1, BS2",MedGen:CN517202,C3661900:not provided,"criteria provided, single submitter",clinical testing,germline:1,CeGaT Center for Human Genetics Tuebingen,SCV004125742.21,PSEN2,-,-,-,yes,B
1156848,Likely benign,2022-10-14,-,MedGen:C0002395,C0002395:Alzheimer disease,"criteria provided, single submitter",clinical testing,germline:na,"Labcorp Genetics (formerly Invitae), Labcorp",SCV001704433.7,APP,-,-,-,yes,LB
861139,Likely pathogenic,2022-12-01,"PSEN1: PM1, PM2, PM5:Supporting, PP2",MedGen:CN517202,C3661900:not provided,"criteria provided, single submitter",clinical testing,germline:1,CeGaT Center for Human Genetics Tuebingen,SCV003917332.24,PSEN1,-,-,-,yes,LP
887628,Likely benign,2022-12-01,PSEN1: BS1,MedGen:CN517202,C3661900:not provided,"criteria provided, single submitter",clinical testing,germline:1,CeGaT Center for Human Genetics Tuebingen,SCV002822145.25,PSEN1,-,-,-,yes,LB
1522518,Likely benign,2022-12-02,-,MedGen:C0002395,C0002395:Alzheimer disease,"criteria provided, single submitter",clinical testing,germline:na,"Labcorp Genetics (formerly Invitae), Labcorp",SCV002315191.5,APP,-,-,-,yes,LB
313965,Benign,2023-06-01,"PSEN1: BS1, BS2",MedGen:CN517202,C3661900:not provided,"criteria provided, single submitter",clinical testing,germline:3,CeGaT Center for Human Genetics Tuebingen,SCV004136866.21,PSEN1,-,-,-,yes,B
638372,Likely benign,2023-06-01,"This variant is classified as likely benign based on ACMG/AMP sequence variant interpretation guidelines (Richards et al. 2015 PMID: 25741868, with internal and published modifications).",MAPT-related condition,na:MAPT-related disorder,no assertion criteria provided,clinical testing,germline:na,"PreventionGenetics, part of Exact Sciences",SCV004759418.2,MAPT,-,-,-,no,LB
339640,Likely benign,2023-06-09,-,MedGen:C0002395,C0002395:Alzheimer disease,"criteria provided, single submitter",clinical testing,germline:na,"Labcorp Genetics (formerly Invitae), Labcorp",SCV004311445.3,APP,-,-,-,yes,LB
2955778,Likely pathogenic,2023-08-31,"PP3, PP4, PM1, PM2, PS3_moderate, PS4_supporting",Not provided,C3661900:not provided,"criteria provided, single submitter",clinical testing,germline:1,"Mayo Clinic Laboratories, Mayo Clinic",SCV005413253.1,MAPT,-,-,-,yes,LP
2684318,Likely pathogenic,2023-10-23,"This sequence change replaces alanine, which is neutral and non-polar, with glycine, which is neutral and non-polar, at codon 260 of the PSEN1 protein (p.Ala260Gly). This variant is not present in population databases (gnomAD no frequency). This missense change has been observed in individuals with early-onset Alzheimer disease (PMID: 24928124, 32328830). Advanced modeling of protein sequence and biophysical properties (such as structural, functional, and spatial information, amino acid conservation, physicochemical variation, residue mobility, and thermodynamic stability) performed at Invitae indicates that this missense variant is expected to disrupt PSEN1 protein function with a positive predictive value of 80%. This variant disrupts the p.Ala260 amino acid residue in PSEN1. Other variant(s) that disrupt this residue have been determined to be pathogenic (PMID: 9007097, 10468510, 11489281, 24773620, 27777022, 27930341). This suggests that this residue is clinically significant, and that variants that disrupt this residue are likely to be disease-causing. In summary, the currently available evidence indicates that the variant is pathogenic, but additional data are needed to prove that conclusively. Therefore, this variant has been classified as Likely Pathogenic.",MedGen:C0236642;MedGen:C0338451;MedGen:C1843013;MedGen:C3151038,"C0236642:Pick disease;C0338451:Frontotemporal dementia;C1843013:Alzheimer disease 3;C3151038:Acne inversa, familial, 3","criteria provided, single submitter",clinical testing,germline:na,"Labcorp Genetics (formerly Invitae), Labcorp",SCV004570862.3,PSEN1,-,-,-,yes,LP
898003,Likely benign,2023-11-19,-,MedGen:C0002395,C0002395:Alzheimer disease,"criteria provided, single submitter",clinical testing,germline:na,"Labcorp Genetics (formerly Invitae), Labcorp",SCV004279321.3,APP,-,-,-,yes,LB
1722323,Likely benign,2023-12-12,"This variant is classified as likely benign based on ACMG/AMP sequence variant interpretation guidelines (Richards et al. 2015 PMID: 25741868, with internal and published modifications).",APOE-related condition,na:APOE-related disorder,no assertion criteria provided,clinical testing,germline:na,"PreventionGenetics, part of Exact Sciences",SCV004752413.2,APOE,-,-,-,no,LB
904022,Likely benign,2024-02-03,-,MedGen:CN517202,C3661900:not provided,"criteria provided, single submitter",clinical testing,germline:na,"Labcorp Genetics (formerly Invitae), Labcorp",SCV005706575.2,TREM2,-,-,-,yes,LB
1132106,Likely benign,2024-03-02,-,MedGen:C0002395,C0002395:Alzheimer disease,"criteria provided, single submitter",clinical testing,germline:na,"Labcorp Genetics (formerly Invitae), Labcorp",SCV001670201.6,APP,-,-,-,yes,LB
295988,Likely benign,2024-03-26,-,MedGen:C1847200,C1847200:Alzheimer disease 4,"criteria provided, single submitter",clinical testing,germline:na,"Labcorp Genetics (formerly Invitae), Labcorp",SCV005722142.2,PSEN2,-,-,-,yes,LB
2985383,Likely pathogenic,2024-05-08,"Published functional studies demonstrate increased the levels of amyloid beta 40 and 42 in neuroblastoma cells (Hsu et al., 2018).; Not observed at a significant frequency in large population cohorts (Lek et al., 2016); In silico analysis supports that this missense variant has a deleterious effect on protein structure/function; Reported previously in as a likely pathogenic variant in individuals with early-onset Alzheimer disease (Lanoiselee et al., 2017; Hsu et al., 2018)) This variant is associated with the following publications: (PMID: 28350801, 30021643, 32087291)",Not Provided,C3661900:not provided,"criteria provided, single submitter",clinical testing,germline:na,GeneDx,SCV005043109.1,PSEN2,-,-,-,yes,LP
323643,Likely benign,2024-05-13,-,MedGen:C0338451,C0338451:Frontotemporal dementia,"criteria provided, single submitter",clinical testing,germline:na,"Labcorp Genetics (formerly Invitae), Labcorp",SCV003256423.4,MAPT,-,-,-,yes,LB
3308503,Likely benign,2024-05-21,"This alteration is classified as likely benign based on a combination of the following: seen in unaffected individuals, population frequency, intact protein function, lack of segregation with disease, co-occurrence, RNA analysis, in silico models, amino acid conservation, lack of disease association in case-control studies, and/or the mechanism of disease or impacted region is inconsistent with a known cause of pathogenicity.",MedGen:CN230736,CN230736:Cardiovascular phenotype,"criteria provided, single submitter",clinical testing,germline:na,Ambry Genetics,SCV005149596.1,APOE,-,-,-,yes,LB
191773,Likely benign,2024-06-06,"This variant is classified as likely benign based on ACMG/AMP sequence variant interpretation guidelines (Richards et al. 2015 PMID: 25741868, with internal and published modifications).",PSEN2-related condition,na:PSEN2-related disorder,no assertion criteria provided,clinical testing,germline:na,"PreventionGenetics, part of Exact Sciences",SCV005349148.1,PSEN2,-,-,-,no,LB
2684335,Likely benign,2024-07-02,"This variant is classified as likely benign based on ACMG/AMP sequence variant interpretation guidelines (Richards et al. 2015 PMID: 25741868, with internal and published modifications).",APP-related condition,na:APP-related disorder,no assertion criteria provided,clinical testing,germline:na,"PreventionGenetics, part of Exact Sciences",SCV005352088.1,APP,-,-,-,no,LB
499713,Benign,2024-08-31,-,MedGen:CN517202,C3661900:not provided,"criteria provided, single submitter",clinical testing,germline:na,"Labcorp Genetics (formerly Invitae), Labcorp",SCV001063679.7,TREM2,-,-,-,yes,B
1448028,Likely benign,2024-09-09,"This variant is classified as likely benign based on ACMG/AMP sequence variant interpretation guidelines (Richards et al. 2015 PMID: 25741868, with internal and published modifications).",TREM2-related condition,na:TREM2-related disorder,no assertion criteria provided,clinical testing,germline:na,"PreventionGenetics, part of Exact Sciences",SCV005353063.1,TREM2,-,-,-,no,LB
478832,Benign,2024-09-25,"This alteration is classified as benign based on a combination of the following: seen in unaffected individuals, population frequency, intact protein function, lack of segregation with disease, co-occurrence, RNA analysis, in silico models, amino acid conservation, lack of disease association in case-control studies, and/or the mechanism of disease or impacted region is inconsistent with a known cause of pathogenicity.",MedGen:CN230736,CN230736:Cardiovascular phenotype,"criteria provided, single submitter",clinical testing,germline:na,Ambry Genetics,SCV005473038.1,APOE,-,-,-,yes,B
478838,Benign,2024-09-25,"This alteration is classified as benign based on a combination of the following: seen in unaffected individuals, population frequency, intact protein function, lack of segregation with disease, co-occurrence, RNA analysis, in silico models, amino acid conservation, lack of disease association in case-control studies, and/or the mechanism of disease or impacted region is inconsistent with a known cause of pathogenicity.",MedGen:CN230736,CN230736:Cardiovascular phenotype,"criteria provided, single submitter",clinical testing,germline:na,Ambry Genetics,SCV005473077.1,APOE,-,-,-,yes,B
98070,Pathogenic,2024-10-04,"Variant summary: PSEN1 c.703C>G (p.Leu235Val) results in a conservative amino acid change in the encoded protein sequence. Three of five in-silico tools predict a damaging effect of the variant on protein function. The variant was absent in 251482 control chromosomes (gnomAD). c.703C>G has been reported in the literature in multiple individuals affected with Alzheimer Disease, Type 3 (Ryan_2016, Ryan_2015, Janssen_2003). These data indicate that the variant is very likely to be associated with disease. At least one publication reports experimental evidence evaluating an impact on protein function. The most pronounced variant effect results in reduced production of both beta-amyloid peptides, Abeta43 and Abeta40 in vivo (Sun_2017). The following publications have been ascertained in the context of this evaluation (PMID: 12552037, 16116115, 27777022, 26410308, 27930341). ClinVar contains an entry for this variant (Variation ID: 98070). Based on the evidence outlined above, the variant was classified as pathogenic.",MedGen:C1843013,C1843013:Alzheimer disease 3,"criteria provided, single submitter",clinical testing,germline:na,"Women's Health and Genetics/Laboratory Corporation of America, LabCorp",SCV005423407.1,PSEN1,-,-,-,yes,P
2922173,Likely pathogenic,2024-10-09,"Based on the classification scheme VCGS_Germline_v1.3.4, this variant is classified as Likely pathogenic. Following criteria are met: 0104 - Dominant negative is a likely mechanism of disease in this gene and is associated with Alzheimer disease (PMIDs: 27930341, 28082723, 29142009). (I) 0107 - This gene is associated with autosomal dominant disease. (I) 0200 - Variant is predicted to result in a missense amino acid change from proline to alanine. (I) 0251 - This variant is heterozygous. (I) 0301 - Variant is absent from gnomAD (both v2 and v3). (SP) 0501 - Missense variant consistently predicted to be damaging by multiple in silico tools or highly conserved with a major amino acid change. (SP) 0601 - Variant is located in the well-established functional PALP motif which includes residue 436 and is critical for gamma-secretase activity (PMIDs: 36142879, 18482978, 20460383, 17108181, 26142917). (SP) 0702 - Other missense variants comparable to the one identified in this case have strong previous evidence for pathogenicity. Two alternative changes, p.(Pro436Ser) and p.(Pro436Gln), have been reported in several individuals with early onset Alzheimer's disease, with some reports specifically mentioning presentation of hereditary spastic paraplegia and pathology findings of cotton wool plaques (PMIDs: 10090481, 28003435, 27777022, 9831473, 11079548, 15115757, 34366350, ClinVar). (SP) 0807 - This variant has no previous evidence of pathogenicity. (I) 0903 - This variant has limited evidence for segregation with disease. This variant has been shown to segregate with disease in this individual's family (personal communication). (I) 1007 - No published functional evidence has been identified for this variant. (I) 1101 - Very strong and specific phenotype match for this individual. (SP) 1208 - Inheritance information for this variant is not currently available in this individual. (I) Legend: (SP) - Supporting pathogenic, (I) - Information, (SB) - Supporting benign",OMIM:607822,C1843013:Alzheimer disease 3,"criteria provided, single submitter",clinical testing,germline:na,"Victorian Clinical Genetics Services, Murdoch Childrens Research Institute",SCV005398965.1,PSEN1,-,-,-,yes,LP
995216,Pathogenic,2024-11-11,"This sequence change replaces isoleucine, which is neutral and non-polar, with valine, which is neutral and non-polar, at codon 437 of the PSEN1 protein (p.Ile437Val). This variant is present in population databases (rs764971634, gnomAD 0.005%). This missense change has been observed in individuals with clinical features of PSEN1-related conditions (PMID: 26242991, 31996268; internal data). Invitae Evidence Modeling of clinical and family history, age, sex, and reported ancestry of multiple individuals with this PSEN1 variant has been performed. This variant is expected to be pathogenic with a positive predictive value of at least 99%. This is a validated machine learning model that incorporates the clinical features of 18,931 individuals referred to our laboratory for PSEN1 testing. ClinVar contains an entry for this variant (Variation ID: 995216). An algorithm developed to predict the effect of missense changes on protein structure and function outputs the following: PolyPhen-2: ""Benign"". The valine amino acid residue is found in multiple mammalian species, which suggests that this missense change does not adversely affect protein function. Experimental studies have shown that this missense change affects PSEN1 function (PMID: 19005074, 27930341). For these reasons, this variant has been classified as Pathogenic.",MedGen:C0236642;MedGen:C0338451;MedGen:C1843013;MedGen:C3151038,"C0236642:Pick disease;C0338451:Frontotemporal dementia;C1843013:Alzheimer disease 3;C3151038:Acne inversa, familial, 3","criteria provided, single submitter",clinical testing,germline:na,"Labcorp Genetics (formerly Invitae), Labcorp",SCV002223936.5,PSEN1,-,-,-,yes,P
313948,Likely benign,2024-12-09,-,MedGen:C0236642;MedGen:C0338451;MedGen:C1843013;MedGen:C3151038,"C0236642:Pick disease;C0338451:Frontotemporal dementia;C1843013:Alzheimer disease 3;C3151038:Acne inversa, familial, 3","criteria provided, single submitter",clinical testing,germline:na,"Labcorp Genetics (formerly Invitae), Labcorp",SCV001016804.7,PSEN1,-,-,-,yes,LB
98113,Pathogenic,2024-12-30,"This sequence change replaces alanine, which is neutral and non-polar, with valine, which is neutral and non-polar, at codon 431 of the PSEN1 protein (p.Ala431Val). This variant is not present in population databases (gnomAD no frequency). This missense change has been observed in individuals with Alzheimer's disease (PMID: 12399144, 27799753; internal data). ClinVar contains an entry for this variant (Variation ID: 98113). Invitae Evidence Modeling of protein sequence and biophysical properties (such as structural, functional, and spatial information, amino acid conservation, physicochemical variation, residue mobility, and thermodynamic stability) indicates that this missense variant is expected to disrupt PSEN1 protein function with a positive predictive value of 95%. This variant disrupts the p.Ala431 amino acid residue in PSEN1. Other variant(s) that disrupt this residue have been determined to be pathogenic (PMID: 16628450, 16897084). This suggests that this residue is clinically significant, and that variants that disrupt this residue are likely to be disease-causing. For these reasons, this variant has been classified as Pathogenic.",MedGen:C0236642;MedGen:C0338451;MedGen:C1843013;MedGen:C3151038,"C0236642:Pick disease;C0338451:Frontotemporal dementia;C1843013:Alzheimer disease 3;C3151038:Acne inversa, familial, 3","criteria provided, single submitter",clinical testing,germline:na,"Labcorp Genetics (formerly Invitae), Labcorp",SCV005863535.2,PSEN1,-,-,-,yes,P
295995,Likely benign,2025-01-05,-,MedGen:C1847200,C1847200:Alzheimer disease 4,"criteria provided, single submitter",clinical testing,germline:na,"Labcorp Genetics (formerly Invitae), Labcorp",SCV005813185.2,PSEN2,-,-,-,yes,LB
1028288,Likely benign,2025-01-23,-,MedGen:C0002395,C0002395:Alzheimer disease,"criteria provided, single submitter",clinical testing,germline:na,"Labcorp Genetics (formerly Invitae), Labcorp",SCV002191582.5,APP,-,-,-,yes,LB
887368,Likely benign,2025-01-26,-,MedGen:C0236642;MedGen:C0338451;MedGen:C1843013;MedGen:C3151038,"C0236642:Pick disease;C0338451:Frontotemporal dementia;C1843013:Alzheimer disease 3;C3151038:Acne inversa, familial, 3","criteria provided, single submitter",clinical testing,germline:na,"Labcorp Genetics (formerly Invitae), Labcorp",SCV005851432.2,PSEN1,-,-,-,yes,LB
313944,Likely benign,2025-02-19,-,MedGen:C0236642;MedGen:C0338451;MedGen:C1843013;MedGen:C3151038,"C0236642:Pick disease;C0338451:Frontotemporal dementia;C1843013:Alzheimer disease 3;C3151038:Acne inversa, familial, 3","criteria provided, single submitter",clinical testing,germline:na,"Labcorp Genetics (formerly Invitae), Labcorp",SCV005854400.2,PSEN1,-,-,-,yes,LB
889079,Likely benign,2025-03-01,"MAPT: BP4, BP7",MedGen:CN517202,C3661900:not provided,"criteria provided, single submitter",clinical testing,germline:1,CeGaT Center for Human Genetics Tuebingen,SCV005910201.4,MAPT,-,-,-,yes,LB
323648,Likely benign,2025-03-31,-,MedGen:C0338451,C0338451:Frontotemporal dementia,"criteria provided, single submitter",clinical testing,germline:na,"Labcorp Genetics (formerly Invitae), Labcorp",SCV001623618.6,MAPT,-,-,-,yes,LB
1372949,Likely benign,2025-05-09,-,MedGen:C0002395,C0002395:Alzheimer disease,"criteria provided, single submitter",clinical testing,germline:na,"Labcorp Genetics (formerly Invitae), Labcorp",SCV002140661.5,APP,-,-,-,yes,LB
889078,Likely benign,2025-05-11,-,MedGen:C0338451,C0338451:Frontotemporal dementia,"criteria provided, single submitter",clinical testing,germline:na,"Labcorp Genetics (formerly Invitae), Labcorp",SCV002443016.5,MAPT,-,-,-,yes,LB
874474,Likely benign,2025-06-14,-,MedGen:C1847200,C1847200:Alzheimer disease 4,"criteria provided, single submitter",clinical testing,germline:na,"Labcorp Genetics (formerly Invitae), Labcorp",SCV002959813.4,PSEN2,-,-,-,yes,LB
546799,Likely benign,2025-06-16,-,MedGen:C0338451,C0338451:Frontotemporal dementia,"criteria provided, single submitter",clinical testing,germline:na,"Labcorp Genetics (formerly Invitae), Labcorp",SCV002385387.5,MAPT,-,-,-,yes,LB
3128067,Likely benign,2025-07-03,-,MedGen:C0002395,C0002395:Alzheimer disease,"criteria provided, single submitter",clinical testing,germline:na,"Labcorp Genetics (formerly Invitae), Labcorp",SCV007423496.1,APP,-,-,-,yes,LB
1695024,Likely benign,2025-07-20,-,MedGen:C0002395,C0002395:Alzheimer disease,"criteria provided, single submitter",clinical testing,germline:na,"Labcorp Genetics (formerly Invitae), Labcorp",SCV004553104.3,APP,-,-,-,yes,LB
339637,Likely benign,2025-07-27,-,MedGen:C0002395,C0002395:Alzheimer disease,"criteria provided, single submitter",clinical testing,germline:na,"Labcorp Genetics (formerly Invitae), Labcorp",SCV004675995.3,APP,-,-,-,yes,LB
1803815,Likely benign,2025-07-31,"This alteration is classified as likely benign based on a combination of the following: seen in unaffected individuals, population frequency, intact protein function, lack of segregation with disease, co-occurrence, RNA analysis, in silico models, amino acid conservation, lack of disease association in case-control studies, and/or the mechanism of disease or impacted region is inconsistent with a known cause of pathogenicity.",MedGen:CN230736,CN230736:Cardiovascular phenotype,"criteria provided, single submitter",clinical testing,germline:na,Ambry Genetics,SCV006388213.1,APOE,-,-,-,yes,LB
1505666,Likely benign,2025-08-04,-,MedGen:C0236642;MedGen:C0338451;MedGen:C1843013;MedGen:C3151038,"C0236642:Pick disease;C0338451:Frontotemporal dementia;C1843013:Alzheimer disease 3;C3151038:Acne inversa, familial, 3","criteria provided, single submitter",clinical testing,germline:na,"Labcorp Genetics (formerly Invitae), Labcorp",SCV002291635.6,PSEN1,-,-,-,yes,LB
339645,Benign,2025-08-10,-,MedGen:C0002395,C0002395:Alzheimer disease,"criteria provided, single submitter",clinical testing,germline:na,"Labcorp Genetics (formerly Invitae), Labcorp",SCV001015992.9,APP,-,-,-,yes,B
723135,Likely benign,2025-09-01,PSEN1: BP4,MedGen:CN517202,C3661900:not provided,"criteria provided, single submitter",clinical testing,germline:1,CeGaT Center for Human Genetics Tuebingen,SCV006559652.4,PSEN1,-,-,-,yes,LB
3036349,Likely benign,2025-09-01,MAPT: BP4,MedGen:CN517202,C3661900:not provided,"criteria provided, single submitter",clinical testing,germline:1,CeGaT Center for Human Genetics Tuebingen,SCV006559534.4,MAPT,-,-,-,yes,LB
180476,Likely benign,2025-09-15,-,MedGen:C1847200,C1847200:Alzheimer disease 4,"criteria provided, single submitter",clinical testing,germline:na,"Labcorp Genetics (formerly Invitae), Labcorp",SCV002475351.5,PSEN2,-,-,-,yes,LB
339632,Benign,2025-09-20,-,MedGen:C0002395,C0002395:Alzheimer disease,"criteria provided, single submitter",clinical testing,germline:na,"Labcorp Genetics (formerly Invitae), Labcorp",SCV001728432.6,APP,-,-,-,yes,B
356677,Likely benign,2025-09-28,-,MedGen:CN517202,C3661900:not provided,"criteria provided, single submitter",clinical testing,germline:na,"Labcorp Genetics (formerly Invitae), Labcorp",SCV003457566.4,TREM2,-,-,-,yes,LB
4613723,Likely benign,2025-09-30,"This alteration is classified as likely benign based on a combination of the following: seen in unaffected individuals, population frequency, intact protein function, lack of segregation with disease, co-occurrence, RNA analysis, in silico models, amino acid conservation, lack of disease association in case-control studies, and/or the mechanism of disease or impacted region is inconsistent with a known cause of pathogenicity.",MedGen:CN230736,CN230736:Cardiovascular phenotype,"criteria provided, single submitter",clinical testing,germline:na,Ambry Genetics,SCV007215496.1,APOE,-,-,-,yes,LB
729651,Likely benign,2025-10-01,-,MedGen:C0002395,C0002395:Alzheimer disease,"criteria provided, single submitter",clinical testing,germline:na,"Labcorp Genetics (formerly Invitae), Labcorp",SCV001048841.7,APP,-,-,-,yes,LB
894930,Likely benign,2025-10-01,-,MedGen:C0002395,C0002395:Alzheimer disease,"criteria provided, single submitter",clinical testing,germline:na,"Labcorp Genetics (formerly Invitae), Labcorp",SCV002164695.5,APP,-,-,-,yes,LB
706267,Likely benign,2025-10-06,-,MedGen:C1847200,C1847200:Alzheimer disease 4,"criteria provided, single submitter",clinical testing,germline:na,"Labcorp Genetics (formerly Invitae), Labcorp",SCV001632738.5,PSEN2,-,-,-,yes,LB
3308759,Likely benign,2025-10-07,-,MedGen:C0002395,C0002395:Alzheimer disease,"criteria provided, single submitter",clinical testing,germline:na,"Labcorp Genetics (formerly Invitae), Labcorp",SCV005716514.2,APP,-,-,-,yes,LB
295989,Likely benign,2025-10-09,-,MedGen:C1847200,C1847200:Alzheimer disease 4,"criteria provided, single submitter",clinical testing,germline:na,"Labcorp Genetics (formerly Invitae), Labcorp",SCV001016869.7,PSEN2,-,-,-,yes,LB
339641,Likely benign,2025-10-16,-,MedGen:C0002395,C0002395:Alzheimer disease,"criteria provided, single submitter",clinical testing,germline:na,"Labcorp Genetics (formerly Invitae), Labcorp",SCV001631366.7,APP,-,-,-,yes,LB
339644,Likely benign,2025-10-17,-,MedGen:C0002395,C0002395:Alzheimer disease,"criteria provided, single submitter",clinical testing,germline:na,"Labcorp Genetics (formerly Invitae), Labcorp",SCV000931196.6,APP,-,-,-,yes,LB
1359826,Likely benign,2025-10-17,-,MedGen:C0002395,C0002395:Alzheimer disease,"criteria provided, single submitter",clinical testing,germline:na,"Labcorp Genetics (formerly Invitae), Labcorp",SCV002123108.5,APP,-,-,-,yes,LB
3759253,Pathogenic,2025-10-26,"This sequence change replaces alanine, which is neutral and non-polar, with threonine, which is neutral and polar, at codon 434 of the PSEN1 protein (p.Ala434Thr). This variant is not present in population databases (gnomAD no frequency). This missense change has been observed in individuals with clinical features of PSEN1-related conditions (PMID: 24650794, 27777022, 31322578). ClinVar contains an entry for this variant (Variation ID: 3759253). Invitae Evidence Modeling of protein sequence and biophysical properties (such as structural, functional, and spatial information, amino acid conservation, physicochemical variation, residue mobility, and thermodynamic stability) indicates that this missense variant is expected to disrupt PSEN1 protein function with a positive predictive value of 95%. Experimental studies have shown that this missense change affects PSEN1 function (PMID: 31235249). This variant disrupts the p.Ala434 amino acid residue in PSEN1. Other variant(s) that disrupt this residue have been observed in individuals with PSEN1-related conditions (PMID: 11030797, 24650794, 31322578, 37313494), which suggests that this may be a clinically significant amino acid residue. For these reasons, this variant has been classified as Pathogenic.",MedGen:C0236642;MedGen:C0338451;MedGen:C1843013;MedGen:C3151038,"C0236642:Pick disease;C0338451:Frontotemporal dementia;C1843013:Alzheimer disease 3;C3151038:Acne inversa, familial, 3","criteria provided, single submitter",clinical testing,germline:na,"Labcorp Genetics (formerly Invitae), Labcorp",SCV005863122.2,PSEN1,-,-,-,yes,P
448146,Likely pathogenic,2025-10-26,"This sequence change replaces proline, which is neutral and non-polar, with alanine, which is neutral and non-polar, at codon 267 of the PSEN1 protein (p.Pro267Ala). This variant is not present in population databases (gnomAD no frequency). This missense change has been observed in individual(s) with early-onset Alzheimer disease (PMID: 26888304, 37646002). ClinVar contains an entry for this variant (Variation ID: 448146). Invitae Evidence Modeling of protein sequence and biophysical properties (such as structural, functional, and spatial information, amino acid conservation, physicochemical variation, residue mobility, and thermodynamic stability) indicates that this missense variant is expected to disrupt PSEN1 protein function with a positive predictive value of 95%. This variant disrupts the p.Pro267 amino acid residue in PSEN1. Other variant(s) that disrupt this residue have been determined to be pathogenic (PMID: 12817569, 15094846; internal data). This suggests that this residue is clinically significant, and that variants that disrupt this residue are likely to be disease-causing. In summary, the currently available evidence indicates that the variant is pathogenic, but additional data are needed to prove that conclusively. Therefore, this variant has been classified as Likely Pathogenic.",MedGen:C0236642;MedGen:C0338451;MedGen:C1843013;MedGen:C3151038,"C0236642:Pick disease;C0338451:Frontotemporal dementia;C1843013:Alzheimer disease 3;C3151038:Acne inversa, familial, 3","criteria provided, single submitter",clinical testing,germline:na,"Labcorp Genetics (formerly Invitae), Labcorp",SCV007478406.1,PSEN1,-,-,-,yes,LP
870542,Likely benign,2025-10-27,-,MedGen:C0002395,C0002395:Alzheimer disease,"criteria provided, single submitter",clinical testing,germline:na,"Labcorp Genetics (formerly Invitae), Labcorp",SCV001688109.6,APP,-,-,-,yes,LB
524209,Benign,2025-10-29,-,MedGen:C0002395,C0002395:Alzheimer disease,"criteria provided, single submitter",clinical testing,germline:na,"Labcorp Genetics (formerly Invitae), Labcorp",SCV000748687.9,APP,-,-,-,yes,B
665345,Likely pathogenic,2025-11-13,"This is a nonsynonymous variant in the PSEN1 gene (OMIM: 104311). Pathogenic variants in this gene have been associated with autosomal dominant Alzheimer disease 3. This variant has been reported in at least four affected individuals (PMID: 22503161) (PS4). and it has been observed to segregate with disease in at least 4 individuals from one family (PMID: 22503161) (PP1). Functional studies have shown that this variant alters PSEN1 protein function (PMID: 27930341) (PS3_Moderate), and multiple computational algorithms predict a deleterious effect for this variant (REVEL score: 0.942) (PP3). Moreover, the alteration lies within a known hotspot for pathogenic variants or a well-established critical functional domain of the PSEN1 protein (PM1). This variant has a 0.0014% maximum allele frequency in non-founder control populations (https://gnomad.broadinstitute.org/) (PM2). Based on the current evidence, this variant is classified as likely pathogenic for autosomal dominant Alzheimer disease 3.",OMIM:607822,C1843013:Alzheimer disease 3,"criteria provided, single submitter",clinical testing,germline:na,"Variantyx, Inc.",SCV007592976.1,PSEN1,-,-,-,yes,LP
98004,Likely benign,2025-11-27,-,MedGen:C0236642;MedGen:C0338451;MedGen:C1843013;MedGen:C3151038,"C0236642:Pick disease;C0338451:Frontotemporal dementia;C1843013:Alzheimer disease 3;C3151038:Acne inversa, familial, 3","criteria provided, single submitter",clinical testing,germline:na,"Labcorp Genetics (formerly Invitae), Labcorp",SCV000762202.8,PSEN1,-,-,-,yes,LB
242765,Likely benign,2025-12-01,APOE: BS1,MedGen:CN517202,C3661900:not provided,"criteria provided, single submitter",clinical testing,germline:11,CeGaT Center for Human Genetics Tuebingen,SCV001151948.38,APOE,-,-,-,yes,LB
295991,Likely benign,2025-12-03,-,MedGen:C1847200,C1847200:Alzheimer disease 4,"criteria provided, single submitter",clinical testing,germline:na,"Labcorp Genetics (formerly Invitae), Labcorp",SCV001018721.8,PSEN2,-,-,-,yes,LB
704545,Likely benign,2025-12-03,-,MedGen:C0002395,C0002395:Alzheimer disease,"criteria provided, single submitter",clinical testing,germline:na,"Labcorp Genetics (formerly Invitae), Labcorp",SCV002432443.5,APP,-,-,-,yes,LB
313946,Likely benign,2025-12-08,-,MedGen:C0236642;MedGen:C0338451;MedGen:C1843013;MedGen:C3151038,"C0236642:Pick disease;C0338451:Frontotemporal dementia;C1843013:Alzheimer disease 3;C3151038:Acne inversa, familial, 3","criteria provided, single submitter",clinical testing,germline:na,"Labcorp Genetics (formerly Invitae), Labcorp",SCV002308482.5,PSEN1,-,-,-,yes,LB
898004,Likely benign,2025-12-22,-,MedGen:C0002395,C0002395:Alzheimer disease,"criteria provided, single submitter",clinical testing,germline:na,"Labcorp Genetics (formerly Invitae), Labcorp",SCV004279698.3,APP,-,-,-,yes,LB
705974,Likely benign,2025-12-23,"Variant summary: PSEN2 c.754G>A (p.Ala252Thr) results in a non-conservative amino acid change in the encoded protein sequence. Algorithms developed to predict the effect of missense changes on protein structure and function all suggest that this variant is likely to be disruptive. The variant allele was found at a frequency of 0.00019 in 250648 control chromosomes, predominantly at a frequency of 0.0014 within the African or African-American subpopulation in the gnomAD database. The observed variant frequency within African or African-American control individuals in the gnomAD database exceeds the estimated maximal expected allele frequency for disease-causing variants in PSEN2. c.754G>A has been observed in an individual(s) affected with Alzheimer Disease as well as unaffected controls (e.g. N'Songo_2017). These reports do not provide unequivocal conclusions about association of the variant with Alzheimer Disease 4. To our knowledge, no experimental evidence demonstrating an impact on protein function has been reported. The following publication has been ascertained in the context of this evaluation (PMID: 28106563). ClinVar contains an entry for this variant (Variation ID: 705974). Based on the evidence outlined above, the variant was classified as likely benign.",MedGen:CN169374,CN169374:not specified,"criteria provided, single submitter",clinical testing,germline:na,"Women's Health and Genetics/Laboratory Corporation of America, LabCorp",SCV007339142.1,PSEN2,-,-,-,yes,LB
339643,Likely benign,2025-12-23,-,MedGen:C0002395,C0002395:Alzheimer disease,"criteria provided, single submitter",clinical testing,germline:na,"Labcorp Genetics (formerly Invitae), Labcorp",SCV001055487.5,APP,-,-,-,yes,LB
191770,Likely benign,2025-12-24,-,MedGen:C1847200,C1847200:Alzheimer disease 4,"criteria provided, single submitter",clinical testing,germline:na,"Labcorp Genetics (formerly Invitae), Labcorp",SCV002433667.5,PSEN2,-,-,-,yes,LB
896374,Likely benign,2025-12-29,-,MedGen:C0002395,C0002395:Alzheimer disease,"criteria provided, single submitter",clinical testing,germline:na,"Labcorp Genetics (formerly Invitae), Labcorp",SCV002304304.5,APP,-,-,-,yes,LB
1077580,Likely benign,2026-01-11,-,MedGen:C0236642;MedGen:C0338451;MedGen:C1843013;MedGen:C3151038,"C0236642:Pick disease;C0338451:Frontotemporal dementia;C1843013:Alzheimer disease 3;C3151038:Acne inversa, familial, 3","criteria provided, single submitter",clinical testing,germline:na,"Labcorp Genetics (formerly Invitae), Labcorp",SCV001593836.6,PSEN1,-,-,-,yes,LB
1518360,Likely benign,2026-01-11,-,MedGen:C0236642;MedGen:C0338451;MedGen:C1843013;MedGen:C3151038,"C0236642:Pick disease;C0338451:Frontotemporal dementia;C1843013:Alzheimer disease 3;C3151038:Acne inversa, familial, 3","criteria provided, single submitter",clinical testing,germline:na,"Labcorp Genetics (formerly Invitae), Labcorp",SCV002310787.5,PSEN1,-,-,-,yes,LB
425138,Likely benign,2026-01-13,-,MedGen:C0338451,C0338451:Frontotemporal dementia,"criteria provided, single submitter",clinical testing,germline:na,"Labcorp Genetics (formerly Invitae), Labcorp",SCV002343230.5,MAPT,-,-,-,yes,LB
339633,Likely benign,2026-01-13,-,MedGen:C0002395,C0002395:Alzheimer disease,"criteria provided, single submitter",clinical testing,germline:na,"Labcorp Genetics (formerly Invitae), Labcorp",SCV001017627.7,APP,-,-,-,yes,LB
1644912,Likely benign,2026-01-15,-,MedGen:C0236642;MedGen:C0338451;MedGen:C1843013;MedGen:C3151038,"C0236642:Pick disease;C0338451:Frontotemporal dementia;C1843013:Alzheimer disease 3;C3151038:Acne inversa, familial, 3","criteria provided, single submitter",clinical testing,germline:na,"Labcorp Genetics (formerly Invitae), Labcorp",SCV002464763.5,PSEN1,-,-,-,yes,LB
718148,Benign,2026-01-15,-,MedGen:CN517202,C3661900:not provided,"criteria provided, single submitter",clinical testing,germline:na,"Labcorp Genetics (formerly Invitae), Labcorp",SCV001034843.6,TREM2,-,-,-,yes,B
356675,Benign,2026-01-22,-,MedGen:CN517202,C3661900:not provided,"criteria provided, single submitter",clinical testing,germline:na,"Labcorp Genetics (formerly Invitae), Labcorp",SCV002404204.6,TREM2,-,-,-,yes,B
261064,Likely benign,2026-01-26,-,MedGen:CN517202,C3661900:not provided,"criteria provided, single submitter",clinical testing,germline:na,"Labcorp Genetics (formerly Invitae), Labcorp",SCV002390276.5,TREM2,-,-,-,yes,LB
356681,Likely benign,2026-02-01,-,MedGen:CN517202,C3661900:not provided,"criteria provided, single submitter",clinical testing,germline:na,"Labcorp Genetics (formerly Invitae), Labcorp",SCV002459400.5,TREM2,-,-,-,yes,LB
2498709,Likely benign,2026-03-01,MAPT: BP4,MedGen:CN517202,C3661900:not provided,"criteria provided, single submitter",clinical testing,germline:2,CeGaT Center for Human Genetics Tuebingen,SCV003917938.24,MAPT,-,-,-,yes,LB
191771,Likely benign,2026-03-11,"Variant summary: PSEN2 c.205C>G (p.Pro69Ala) results in a non-conservative amino acid change in the encoded protein sequence. Algorithms developed to predict the effect of missense changes on protein structure and function are either unavailable or do not agree on the potential impact of this missense change. The variant allele was found at a frequency of 9.2e-05 in 251264 control chromosomes. c.205C>G has been observed in an individual(s) affected with Alzheimer Disease without cosegregation information (e.g. Dobricic_2012). These report(s) do not provide unequivocal conclusions about association of the variant with Alzheimer Disease 4. To our knowledge, no experimental evidence demonstrating an impact on protein function has been reported. ClinVar contains an entry for this variant (Variation ID: 191771). Based on the evidence outlined above, the variant was classified as likely benign.",MedGen:CN169374,CN169374:not specified,"criteria provided, single submitter",clinical testing,germline:na,"Women's Health and Genetics/Laboratory Corporation of America, LabCorp",SCV007583193.1,PSEN2,-,-,-,yes,LB
