VariationID,gene,Name,protein_change,variant_type,consequence,current_class,review_status,first_class,first_date,latest_class,latest_date,n_submissions,n_submitters,reclassified,direction,first_year,latest_year
779286,APOE,NM_000041.4(APOE):c.651C>T (p.Ala217=),,single nucleotide variant,synonymous variant,Benign/Likely benign,"criteria provided, multiple submitters, no conflicts",B,2019-12-31,LB,2026-01-01,5,5,True,toward_pathogenic,2019.0,2026.0
585429,APP,NM_000484.4(APP):c.1458+10G>A,,single nucleotide variant,intron variant,Conflicting classifications of pathogenicity,"criteria provided, conflicting classifications",B,2017-12-29,LB,2025-11-25,4,4,True,toward_pathogenic,2017.0,2025.0
339629,APP,NM_000484.4(APP):c.2124C>T (p.Gly708=),,single nucleotide variant,synonymous variant,Benign/Likely benign,"criteria provided, multiple submitters, no conflicts",B,1992-07-01,LB,2026-03-01,11,11,True,toward_pathogenic,1992.0,2026.0
705909,APP,NM_000484.4(APP):c.226G>A (p.Val76Ile),"V20I, V41I, V71I, V76I",single nucleotide variant,missense variant,Benign/Likely benign,"criteria provided, multiple submitters, no conflicts",B,2021-03-30,LB,2025-05-05,3,3,True,toward_pathogenic,2021.0,2025.0
1587532,APP,NM_000484.4(APP):c.786C>T (p.Tyr262=),,single nucleotide variant,synonymous variant,Benign/Likely benign,"criteria provided, multiple submitters, no conflicts",B,2022-06-05,LB,2025-10-24,2,2,True,toward_pathogenic,2022.0,2025.0
2046688,APP,NM_000484.4(APP):c.865+11A>G,,single nucleotide variant,intron variant,Benign/Likely benign,"criteria provided, multiple submitters, no conflicts",B,2024-12-09,LB,2026-01-17,3,3,True,toward_pathogenic,2024.0,2026.0
704993,APP,NM_000484.4(APP):c.975C>T (p.Gly325=),,single nucleotide variant,synonymous variant|intron variant,Benign/Likely benign,"criteria provided, multiple submitters, no conflicts",B,2025-09-23,LB,2026-02-19,2,2,True,toward_pathogenic,2025.0,2026.0
695504,MAPT,NM_001377265.1(MAPT):c.120C>T (p.Asp40=),,single nucleotide variant,synonymous variant|non-coding transcript variant,Benign/Likely benign,"criteria provided, multiple submitters, no conflicts",B,2020-12-18,LB,2026-03-01,3,3,True,toward_pathogenic,2020.0,2026.0
323646,MAPT,NM_001377265.1(MAPT):c.1638G>A (p.Pro546=),,single nucleotide variant,synonymous variant|non-coding transcript variant,Benign/Likely benign,"criteria provided, multiple submitters, no conflicts",B,2018-01-13,LB,2026-01-15,2,2,True,toward_pathogenic,2018.0,2026.0
891265,MAPT,NM_001377265.1(MAPT):c.1670A>G (p.Gln557Arg),"Q165R, Q491R, Q136R, Q107R, Q557R, Q482R",single nucleotide variant,missense variant|non-coding transcript variant,Conflicting classifications of pathogenicity,"criteria provided, conflicting classifications",B,2018-01-13,LB,2024-02-01,3,3,True,toward_pathogenic,2018.0,2024.0
892459,MAPT,NM_001377265.1(MAPT):c.1776C>T (p.Pro592=),,single nucleotide variant,synonymous variant,Benign/Likely benign,"criteria provided, multiple submitters, no conflicts",B,2018-03-26,LB,2022-09-15,2,2,True,toward_pathogenic,2018.0,2022.0
529746,MAPT,NM_001377265.1(MAPT):c.1802G>A (p.Arg601His),"R526H, R209H, R151H, R180H, R544H, R535H, R601H",single nucleotide variant,missense variant,Conflicting classifications of pathogenicity,"criteria provided, conflicting classifications",B,2018-01-13,LB,2026-04-20,3,3,True,toward_pathogenic,2018.0,2026.0
586135,MAPT,NM_001377265.1(MAPT):c.1938G>A (p.Lys646=),,single nucleotide variant,synonymous variant|non-coding transcript variant,Benign/Likely benign,"criteria provided, multiple submitters, no conflicts",B,2017-09-28,LB,2025-11-24,3,3,True,toward_pathogenic,2017.0,2025.0
1271108,MAPT,NM_001377265.1(MAPT):c.2074G>A (p.Val692Ile),"V242I, V271I, V300I, V617I, V635I, V692I",single nucleotide variant,missense variant|intron variant,Benign/Likely benign,"criteria provided, multiple submitters, no conflicts",B,2019-08-28,LB,2025-04-15,4,4,True,toward_pathogenic,2019.0,2025.0
98225,MAPT,NM_001377265.1(MAPT):c.2091+29G>A,,single nucleotide variant,intron variant,Benign/Likely benign,"criteria provided, multiple submitters, no conflicts",B,2019-07-24,LB,2026-03-01,10,10,True,toward_pathogenic,2019.0,2026.0
706054,MAPT,NM_001377265.1(MAPT):c.643C>T (p.Pro215Ser),"P140S, P215S",single nucleotide variant,missense variant|intron variant,Benign,"criteria provided, single submitter",B,2022-07-05,LB,2022-08-24,2,2,True,toward_pathogenic,2022.0,2022.0
623931,MAPT,NM_001377265.1(MAPT):c.896T>G (p.Val299Gly),"V224G, V299G",single nucleotide variant,missense variant|intron variant,Benign/Likely benign,"criteria provided, multiple submitters, no conflicts",B,2019-08-05,LB,2025-11-01,4,4,True,toward_pathogenic,2019.0,2025.0
313970,PSEN1,NM_000021.4(PSEN1):c.*1690T>C,,single nucleotide variant,3 prime UTR variant,Benign/Likely benign,"criteria provided, single submitter",B,2018-01-13,LB,2018-01-13,2,1,True,toward_pathogenic,2018.0,2018.0
313973,PSEN1,NM_000021.4(PSEN1):c.*1791A>T,,single nucleotide variant,3 prime UTR variant,Benign/Likely benign,"criteria provided, single submitter",B,2018-01-13,LB,2018-01-13,2,1,True,toward_pathogenic,2018.0,2018.0
313984,PSEN1,NM_000021.4(PSEN1):c.*2430T>C,,single nucleotide variant,3 prime UTR variant,Benign/Likely benign,"criteria provided, single submitter",B,2018-01-12,LB,2018-01-12,2,1,True,toward_pathogenic,2018.0,2018.0
884730,PSEN1,NM_000021.4(PSEN1):c.*3358A>G,,single nucleotide variant,3 prime UTR variant,Benign/Likely benign,"criteria provided, multiple submitters, no conflicts",B,2018-01-13,LB,2018-01-13,3,2,True,toward_pathogenic,2018.0,2018.0
313996,PSEN1,NM_000021.4(PSEN1):c.*3525A>G,,single nucleotide variant,3 prime UTR variant,Benign/Likely benign,"criteria provided, single submitter",B,2018-01-13,LB,2018-01-13,2,1,True,toward_pathogenic,2018.0,2018.0
884793,PSEN1,NM_000021.4(PSEN1):c.*3831C>T,,single nucleotide variant,3 prime UTR variant,Benign/Likely benign,"criteria provided, single submitter",B,2018-01-13,LB,2018-01-13,2,1,True,toward_pathogenic,2018.0,2018.0
314005,PSEN1,NM_000021.4(PSEN1):c.*4030A>G,,single nucleotide variant,3 prime UTR variant,Benign/Likely benign,"criteria provided, multiple submitters, no conflicts",B,2018-01-12,LB,2018-01-12,3,2,True,toward_pathogenic,2018.0,2018.0
314008,PSEN1,NM_000021.4(PSEN1):c.*4147T>G,,single nucleotide variant,3 prime UTR variant,Benign/Likely benign,"criteria provided, single submitter",B,2018-01-13,LB,2018-01-13,2,1,True,toward_pathogenic,2018.0,2018.0
886433,PSEN1,NM_000021.4(PSEN1):c.*449T>C,,single nucleotide variant,3 prime UTR variant,Benign/Likely benign,"criteria provided, single submitter",B,2017-04-27,LB,2017-04-27,2,1,True,toward_pathogenic,2017.0,2017.0
707810,PSEN1,NM_000021.4(PSEN1):c.234C>T (p.Gly78=),,single nucleotide variant,synonymous variant,Conflicting classifications of pathogenicity,"criteria provided, conflicting classifications",B,2017-04-27,LB,2026-01-04,7,6,True,toward_pathogenic,2017.0,2026.0
1164252,PSEN1,NM_000021.4(PSEN1):c.843G>C (p.Thr281=),,single nucleotide variant,synonymous variant,Benign/Likely benign,"criteria provided, multiple submitters, no conflicts",B,2023-05-14,LB,2024-04-18,2,2,True,toward_pathogenic,2023.0,2024.0
1256543,PSEN1,NM_000021.4(PSEN1):c.96T>C (p.Asn32=),,single nucleotide variant,synonymous variant,Benign/Likely benign,"criteria provided, multiple submitters, no conflicts",B,2021-02-11,LB,2025-07-27,3,3,True,toward_pathogenic,2021.0,2025.0
296004,PSEN2,NM_000447.3(PSEN2):c.*405G>T,,single nucleotide variant,3 prime UTR variant,Benign/Likely benign,"criteria provided, single submitter",B,2018-01-12,LB,2018-01-12,2,1,True,toward_pathogenic,2018.0,2018.0
1100640,PSEN2,NM_000447.3(PSEN2):c.505C>A (p.His169Asn),H169N,single nucleotide variant,missense variant,Benign/Likely benign,"criteria provided, multiple submitters, no conflicts",B,2022-05-04,LB,2023-01-22,2,2,True,toward_pathogenic,2022.0,2023.0
295994,PSEN2,NM_000447.3(PSEN2):c.954C>T (p.Pro318=),,single nucleotide variant,synonymous variant,Conflicting classifications of pathogenicity,"criteria provided, conflicting classifications",B,2017-03-21,LB,2025-10-17,4,3,True,toward_pathogenic,2017.0,2025.0
714394,TREM2,NM_018965.4(TREM2):c.668C>T (p.Thr223Ile),T223I,single nucleotide variant,missense variant|intron variant,Benign/Likely benign,"criteria provided, multiple submitters, no conflicts",B,2017-04-27,LB,2026-01-03,7,7,True,toward_pathogenic,2017.0,2026.0
778073,SORL1,NM_003105.6(SORL1):c.6021A>G (p.Gln2007=),,single nucleotide variant,synonymous variant,Benign/Likely benign,"criteria provided, multiple submitters, no conflicts",B,2022-05-01,LB,2025-10-10,6,6,True,toward_pathogenic,2022.0,2025.0
889714,MAPT,NM_001377265.1(MAPT):c.13C>T (p.Arg5Cys),R5C,single nucleotide variant,missense variant|non-coding transcript variant,Conflicting classifications of pathogenicity,"criteria provided, conflicting classifications",B,2018-01-12,VUS,2022-06-27,2,2,True,toward_pathogenic,2018.0,2022.0
892460,MAPT,NM_001377265.1(MAPT):c.1801C>T (p.Arg601Cys),"R601C, R535C, R544C, R209C, R526C, R151C, R180C",single nucleotide variant,missense variant,Conflicting classifications of pathogenicity,"criteria provided, conflicting classifications",B,2018-01-13,VUS,2025-06-16,2,2,True,toward_pathogenic,2018.0,2025.0
98208,MAPT,NM_001377265.1(MAPT):c.1891G>A (p.Ala631Thr),"A556T, A239T, A574T, A181T, A210T, A565T, A631T",single nucleotide variant,missense variant|non-coding transcript variant,Conflicting classifications of pathogenicity,"criteria provided, conflicting classifications",B,2018-01-13,VUS,2025-12-29,9,9,True,toward_pathogenic,2018.0,2025.0
648859,MAPT,NM_001377265.1(MAPT):c.220+2503C>T,T95M,single nucleotide variant,missense variant|intron variant,Conflicting classifications of pathogenicity,"criteria provided, conflicting classifications",B,2017-04-27,VUS,2025-09-02,3,3,True,toward_pathogenic,2017.0,2025.0
1178343,PSEN1,NM_000021.4(PSEN1):c.1279A>G (p.Ile427Val),"I423V, I427V",single nucleotide variant,missense variant,Conflicting classifications of pathogenicity,"criteria provided, conflicting classifications",B,2021-06-01,VUS,2025-11-05,3,3,True,toward_pathogenic,2021.0,2025.0
448149,PSEN2,NM_000447.3(PSEN2):c.415G>A (p.Val139Met),V139M,single nucleotide variant,missense variant,Conflicting classifications of pathogenicity,"criteria provided, conflicting classifications",B,2017-08-08,VUS,2025-10-22,7,6,True,toward_pathogenic,2017.0,2025.0
1541993,APP,NM_000484.4(APP):c.1224+16C>A,,single nucleotide variant,intron variant,Benign/Likely benign,"criteria provided, multiple submitters, no conflicts",LB,2024-01-19,B,2026-01-25,2,2,True,toward_benign,2024.0,2026.0
446854,APP,NM_000484.4(APP):c.1305C>T (p.Phe435=),,single nucleotide variant,synonymous variant,Benign/Likely benign,"criteria provided, multiple submitters, no conflicts",LB,2018-01-12,B,2026-01-14,7,7,True,toward_benign,2018.0,2026.0
1643179,APP,NM_000484.4(APP):c.1458+18C>T,,single nucleotide variant,intron variant,Benign/Likely benign,"criteria provided, multiple submitters, no conflicts",LB,2021-09-14,B,2025-04-17,2,2,True,toward_benign,2021.0,2025.0
2724746,APP,NM_000484.4(APP):c.1770C>T (p.Asn590=),,single nucleotide variant,synonymous variant,Benign/Likely benign,"criteria provided, multiple submitters, no conflicts",LB,2024-08-09,B,2024-10-17,2,2,True,toward_benign,2024.0,2024.0
339649,APP,NM_000484.4(APP):c.225+14G>A,,single nucleotide variant,intron variant,Benign/Likely benign,"criteria provided, multiple submitters, no conflicts",LB,2018-01-12,B,2026-01-12,3,3,True,toward_benign,2018.0,2026.0
339647,APP,NM_000484.4(APP):c.355+9G>A,,single nucleotide variant,intron variant,Benign/Likely benign,"criteria provided, multiple submitters, no conflicts",LB,2018-01-13,B,2025-07-08,5,5,True,toward_benign,2018.0,2025.0
3385223,APP,NM_000484.4(APP):c.42G>C (p.Thr14=),,single nucleotide variant,synonymous variant|intron variant,Benign/Likely benign,"criteria provided, multiple submitters, no conflicts",LB,2024-10-17,B,2025-08-13,2,2,True,toward_benign,2024.0,2025.0
98195,MAPT,NM_001377265.1(MAPT):c.117G>A (p.Thr39=),,single nucleotide variant,synonymous variant|non-coding transcript variant,Benign/Likely benign,"criteria provided, multiple submitters, no conflicts",LB,2020-06-23,B,2025-09-28,3,3,True,toward_benign,2020.0,2025.0
323647,MAPT,NM_001377265.1(MAPT):c.1974G>A (p.Leu658=),,single nucleotide variant,synonymous variant|non-coding transcript variant,Benign/Likely benign,"criteria provided, multiple submitters, no conflicts",LB,2017-04-27,B,2025-12-15,2,2,True,toward_benign,2017.0,2025.0
529747,MAPT,NM_001377265.1(MAPT):c.862G>A (p.Gly288Arg),"G213R, G288R",single nucleotide variant,missense variant|intron variant,Benign/Likely benign,"criteria provided, multiple submitters, no conflicts",LB,2020-11-21,B,2023-10-11,5,5,True,toward_benign,2020.0,2023.0
464899,PSEN1,NC_000014.9:g.73136191C>G,,single nucleotide variant,,Benign,"criteria provided, multiple submitters, no conflicts",LB,2019-03-12,B,2026-03-01,3,3,True,toward_benign,2019.0,2026.0
884667,PSEN1,NM_000021.4(PSEN1):c.*2580C>T,,single nucleotide variant,3 prime UTR variant,Conflicting classifications of pathogenicity,"criteria provided, conflicting classifications",LB,2018-01-13,B,2023-07-01,3,2,True,toward_benign,2018.0,2023.0
313954,PSEN1,NM_000021.4(PSEN1):c.*313C>A,,single nucleotide variant,3 prime UTR variant,Benign/Likely benign,"criteria provided, multiple submitters, no conflicts",LB,2018-01-13,B,2021-05-15,4,3,True,toward_benign,2018.0,2021.0
313994,PSEN1,NM_000021.4(PSEN1):c.*3360A>G,,single nucleotide variant,3 prime UTR variant,Benign/Likely benign,"criteria provided, single submitter",LB,2018-01-13,B,2018-01-13,2,1,True,toward_benign,2018.0,2018.0
313995,PSEN1,NM_000021.4(PSEN1):c.*3495A>G,,single nucleotide variant,3 prime UTR variant,Conflicting classifications of pathogenicity,"criteria provided, conflicting classifications",LB,2018-01-13,B,2022-10-01,3,2,True,toward_benign,2018.0,2022.0
885670,PSEN1,NM_000021.4(PSEN1):c.*3538C>G,,single nucleotide variant,3 prime UTR variant,Benign/Likely benign,"criteria provided, single submitter",LB,2018-01-12,B,2018-01-12,2,1,True,toward_benign,2018.0,2018.0
886681,PSEN1,NM_000021.4(PSEN1):c.*3566A>G,,single nucleotide variant,3 prime UTR variant,Benign/Likely benign,"criteria provided, multiple submitters, no conflicts",LB,2018-01-12,B,2018-01-12,3,2,True,toward_benign,2018.0,2018.0
313999,PSEN1,NM_000021.4(PSEN1):c.*3637C>T,,single nucleotide variant,3 prime UTR variant,Benign/Likely benign,"criteria provided, single submitter",LB,2018-01-13,B,2018-01-13,2,1,True,toward_benign,2018.0,2018.0
314001,PSEN1,NM_000021.4(PSEN1):c.*3823G>A,,single nucleotide variant,3 prime UTR variant,Benign/Likely benign,"criteria provided, single submitter",LB,2018-01-13,B,2018-01-13,2,1,True,toward_benign,2018.0,2018.0
314003,PSEN1,NM_000021.4(PSEN1):c.*3889G>A,,single nucleotide variant,3 prime UTR variant,Benign/Likely benign,"criteria provided, multiple submitters, no conflicts",LB,2018-01-12,B,2021-05-24,3,2,True,toward_benign,2018.0,2021.0
254713,PSEN1,NM_000021.4(PSEN1):c.1017A>G (p.Glu339=),,single nucleotide variant,synonymous variant,Conflicting classifications of pathogenicity,"criteria provided, conflicting classifications",LB,2018-01-13,B,2025-12-21,7,6,True,toward_benign,2018.0,2025.0
313947,PSEN1,NM_000021.4(PSEN1):c.654A>G (p.Pro218=),,single nucleotide variant,synonymous variant,Conflicting classifications of pathogenicity,"criteria provided, conflicting classifications",LB,2018-01-12,B,2025-12-14,3,2,True,toward_benign,2018.0,2025.0
296005,PSEN2,NM_000447.3(PSEN2):c.*487G>C,,single nucleotide variant,3 prime UTR variant,Benign/Likely benign,"criteria provided, single submitter",LB,2018-01-12,B,2018-01-12,2,1,True,toward_benign,2018.0,2018.0
721218,PSEN2,NM_000447.3(PSEN2):c.100G>A (p.Gly34Ser),G34S,single nucleotide variant,missense variant,Conflicting classifications of pathogenicity,"criteria provided, conflicting classifications",LB,2018-01-13,B,2025-12-15,3,2,True,toward_benign,2018.0,2025.0
533782,PSEN2,NM_000447.3(PSEN2):c.1176C>T (p.Phe392=),,single nucleotide variant,synonymous variant,Benign/Likely benign,"criteria provided, multiple submitters, no conflicts",LB,2018-01-13,B,2025-12-24,8,7,True,toward_benign,2018.0,2025.0
192130,PSEN2,NM_000447.3(PSEN2):c.211C>T (p.Arg71Trp),R71W,single nucleotide variant,missense variant,Benign/Likely benign,"criteria provided, multiple submitters, no conflicts",LB,2013-06-24,B,2026-03-01,12,11,True,toward_benign,2013.0,2026.0
704661,PSEN2,NM_000447.3(PSEN2):c.753C>T (p.Ser251=),,single nucleotide variant,synonymous variant,Benign/Likely benign,"criteria provided, multiple submitters, no conflicts",LB,2024-08-09,B,2025-04-15,3,3,True,toward_benign,2024.0,2025.0
256186,PSEN2,NM_000447.3(PSEN2):c.756G>C (p.Ala252=),,single nucleotide variant,synonymous variant,Benign/Likely benign,"criteria provided, multiple submitters, no conflicts",LB,2018-01-13,B,2026-03-01,13,12,True,toward_benign,2018.0,2026.0
256187,PSEN2,NM_000447.3(PSEN2):c.903G>T (p.Thr301=),,single nucleotide variant,synonymous variant,Benign/Likely benign,"criteria provided, multiple submitters, no conflicts",LB,2017-04-27,B,2026-01-26,7,6,True,toward_benign,2017.0,2026.0
907356,TREM2,NM_018965.4(TREM2):c.*48A>T,S183C,single nucleotide variant,missense variant|3 prime UTR variant,Benign/Likely benign,"criteria provided, multiple submitters, no conflicts",LB,2018-01-12,B,2025-12-03,2,2,True,toward_benign,2018.0,2025.0
235387,TREM2,NM_018965.4(TREM2):c.*73G>A,W191*,single nucleotide variant,nonsense|3 prime UTR variant,Benign/Likely benign,"criteria provided, multiple submitters, no conflicts",LB,2016-02-04,B,2026-01-27,7,7,True,toward_benign,2016.0,2026.0
445645,TREM2,NM_018965.4(TREM2):c.185G>A (p.Arg62His),R62H,single nucleotide variant,missense variant,Benign/Likely benign,"criteria provided, multiple submitters, no conflicts",LB,2015-09-14,B,2026-03-01,10,9,True,toward_benign,2015.0,2026.0
1624814,SORL1,NM_003105.6(SORL1):c.1749G>A (p.Val583=),,single nucleotide variant,synonymous variant,Benign,"criteria provided, single submitter",LB,2024-07-10,B,2025-12-08,2,2,True,toward_benign,2024.0,2025.0
753328,SORL1,NM_003105.6(SORL1):c.2571+9A>G,,single nucleotide variant,intron variant,Benign,"criteria provided, single submitter",LB,2019-04-01,B,2025-08-11,2,2,True,toward_benign,2019.0,2025.0
1612267,SORL1,NM_003105.6(SORL1):c.2834G>A (p.Arg945Gln),R945Q,single nucleotide variant,missense variant,Benign/Likely benign,"criteria provided, multiple submitters, no conflicts",LB,2022-03-29,B,2024-02-01,2,2,True,toward_benign,2022.0,2024.0
745686,SORL1,NM_003105.6(SORL1):c.4213+5G>C,,single nucleotide variant,intron variant,Benign,"criteria provided, single submitter",LB,2020-06-17,B,2024-08-29,2,2,True,toward_benign,2020.0,2024.0
761546,SORL1,NM_003105.6(SORL1):c.4447A>G (p.Thr1483Ala),T1483A,single nucleotide variant,missense variant,Benign,"criteria provided, multiple submitters, no conflicts",LB,2022-05-31,B,2025-12-16,3,3,True,toward_benign,2022.0,2025.0
731189,SORL1,NM_003105.6(SORL1):c.4606G>A (p.Gly1536Ser),G1536S,single nucleotide variant,missense variant,Benign,"criteria provided, single submitter",LB,2023-07-19,B,2025-12-09,2,2,True,toward_benign,2023.0,2025.0
776671,SORL1,NM_003105.6(SORL1):c.4975C>T (p.Leu1659=),,single nucleotide variant,synonymous variant,Benign,"criteria provided, single submitter",LB,2020-05-22,B,2022-04-04,2,2,True,toward_benign,2020.0,2022.0
715825,SORL1,NM_003105.6(SORL1):c.5448T>C (p.Tyr1816=),,single nucleotide variant,synonymous variant,Benign/Likely benign,"criteria provided, multiple submitters, no conflicts",LB,2023-02-01,B,2026-01-07,6,6,True,toward_benign,2023.0,2026.0
2892439,SORL1,NM_003105.6(SORL1):c.5589C>T (p.Thr1863=),,single nucleotide variant,synonymous variant,Benign,"criteria provided, single submitter",LB,2019-08-08,B,2024-01-11,2,2,True,toward_benign,2019.0,2024.0
769377,SORL1,NM_003105.6(SORL1):c.6318G>A (p.Gln2106=),,single nucleotide variant,synonymous variant,Benign,"criteria provided, multiple submitters, no conflicts",LB,2019-03-01,B,2025-12-24,5,5,True,toward_benign,2019.0,2025.0
640843,APP,NM_000484.4(APP):c.1090+4C>T,,single nucleotide variant,intron variant,Uncertain significance,"criteria provided, single submitter",LB,2019-06-25,VUS,2024-09-02,2,2,True,toward_pathogenic,2019.0,2024.0
1371948,APP,NM_000484.4(APP):c.1210G>C (p.Glu404Gln),"E273Q, E329Q, E348Q, E385Q, E404Q, E294Q, E380Q",single nucleotide variant,missense variant,Conflicting classifications of pathogenicity,"criteria provided, conflicting classifications",LB,2022-12-02,VUS,2024-08-01,2,2,True,toward_pathogenic,2022.0,2024.0
2914083,APP,NM_000484.4(APP):c.1587+6C>T,,single nucleotide variant,intron variant,Uncertain significance,"criteria provided, single submitter",LB,2021-07-20,VUS,2022-11-03,2,2,True,toward_pathogenic,2021.0,2022.0
2037098,APP,NM_000484.4(APP):c.1909+5G>A,,single nucleotide variant,intron variant,Uncertain significance,"criteria provided, single submitter",LB,2019-09-17,VUS,2021-12-30,2,2,True,toward_pathogenic,2019.0,2021.0
2047418,APP,NM_000484.4(APP):c.1969G>A (p.Gly657Arg),"G526R, G564R, G639R, G638R, G601R, G620R, G633R, G657R, G547R, G582R",single nucleotide variant,missense variant,Conflicting classifications of pathogenicity,"criteria provided, conflicting classifications",LB,2022-12-02,VUS,2022-12-23,2,2,True,toward_pathogenic,2022.0,2022.0
3723432,APP,NM_000484.4(APP):c.478G>A (p.Glu160Lys),"E125K, E104K, E155K, E160K",single nucleotide variant,missense variant,Conflicting classifications of pathogenicity,"criteria provided, conflicting classifications",LB,2024-02-04,VUS,2025-08-10,2,2,True,toward_pathogenic,2024.0,2025.0
2062782,APP,NM_000484.4(APP):c.510G>A (p.Met170Ile),"M114I, M165I, M170I, M135I",single nucleotide variant,missense variant,Conflicting classifications of pathogenicity,"criteria provided, conflicting classifications",LB,2022-12-02,VUS,2025-08-14,3,3,True,toward_pathogenic,2022.0,2025.0
695402,MAPT,NM_001377265.1(MAPT):c.1070C>T (p.Ser357Leu),"S282L, S357L",single nucleotide variant,missense variant|intron variant,Conflicting classifications of pathogenicity,"criteria provided, conflicting classifications",LB,2018-08-28,VUS,2025-10-01,4,4,True,toward_pathogenic,2018.0,2025.0
788154,MAPT,NM_001377265.1(MAPT):c.1156G>A (p.Val386Met),"V311M, V386M",single nucleotide variant,missense variant|intron variant,Conflicting classifications of pathogenicity,"criteria provided, conflicting classifications",LB,2017-06-27,VUS,2020-01-03,2,2,True,toward_pathogenic,2017.0,2020.0
783226,MAPT,NM_001377265.1(MAPT):c.1453C>T (p.Leu485Phe),"L410F, L485F",single nucleotide variant,missense variant|intron variant,Conflicting classifications of pathogenicity,"criteria provided, conflicting classifications",LB,2022-09-12,VUS,2024-09-01,2,2,True,toward_pathogenic,2022.0,2024.0
784822,MAPT,NM_001377265.1(MAPT):c.1567C>T (p.Arg523Ter),"R448*, R523*",single nucleotide variant,nonsense|intron variant,Conflicting classifications of pathogenicity,"criteria provided, conflicting classifications",LB,2018-06-01,VUS,2025-03-01,2,2,True,toward_pathogenic,2018.0,2025.0
2691701,MAPT,NM_001377265.1(MAPT):c.1571C>G (p.Thr524Ser),"T449S, T524S",single nucleotide variant,missense variant|intron variant,Conflicting classifications of pathogenicity,"criteria provided, conflicting classifications",LB,2023-12-14,VUS,2024-01-09,2,2,True,toward_pathogenic,2023.0,2024.0
323645,MAPT,NM_001377265.1(MAPT):c.1630G>A (p.Ala544Thr),"A152T, A469T, A123T, A94T, A478T, A544T",single nucleotide variant,missense variant|non-coding transcript variant,Conflicting classifications of pathogenicity,"criteria provided, conflicting classifications",LB,2017-04-27,VUS,2026-02-03,7,7,True,toward_pathogenic,2017.0,2026.0
3031050,MAPT,NM_001377265.1(MAPT):c.2091+11T>G,,single nucleotide variant,intron variant,Uncertain significance,"criteria provided, single submitter",LB,2022-06-08,VUS,2024-10-28,2,2,True,toward_pathogenic,2022.0,2024.0
4282065,MAPT,NM_001377265.1(MAPT):c.220+2504G>A,,single nucleotide variant,synonymous variant|intron variant,Conflicting classifications of pathogenicity,"criteria provided, conflicting classifications",LB,2025-02-13,VUS,2025-04-10,2,2,True,toward_pathogenic,2025.0,2025.0
774042,MAPT,NM_001377265.1(MAPT):c.601C>T (p.Pro201Ser),"P126S, P201S",single nucleotide variant,missense variant|intron variant,Conflicting classifications of pathogenicity,"criteria provided, conflicting classifications",LB,2018-07-02,VUS,2024-01-01,2,2,True,toward_pathogenic,2018.0,2024.0
1424259,MAPT,NM_001377265.1(MAPT):c.80G>A (p.Gly27Glu),G27E,single nucleotide variant,missense variant|non-coding transcript variant,Conflicting classifications of pathogenicity,"criteria provided, conflicting classifications",LB,2021-07-26,VUS,2025-06-20,2,2,True,toward_pathogenic,2021.0,2025.0
886494,PSEN1,NM_000021.4(PSEN1):c.*1484A>C,,single nucleotide variant,3 prime UTR variant,Conflicting classifications of pathogenicity,"criteria provided, conflicting classifications",LB,2018-01-13,VUS,2018-01-13,2,1,True,toward_pathogenic,2018.0,2018.0
887626,PSEN1,NM_000021.4(PSEN1):c.*166T>A,,single nucleotide variant,3 prime UTR variant,Conflicting classifications of pathogenicity,"criteria provided, conflicting classifications",LB,2018-01-12,VUS,2018-01-12,2,1,True,toward_pathogenic,2018.0,2018.0
886561,PSEN1,NM_000021.4(PSEN1):c.*2017A>T,,single nucleotide variant,3 prime UTR variant,Conflicting classifications of pathogenicity,"criteria provided, conflicting classifications",LB,2018-01-13,VUS,2018-01-13,2,1,True,toward_pathogenic,2018.0,2018.0
313978,PSEN1,NM_000021.4(PSEN1):c.*2108G>A,,single nucleotide variant,3 prime UTR variant,Conflicting classifications of pathogenicity,"criteria provided, conflicting classifications",LB,2018-01-13,VUS,2018-01-13,2,1,True,toward_pathogenic,2018.0,2018.0
313985,PSEN1,NM_000021.4(PSEN1):c.*2529G>T,,single nucleotide variant,3 prime UTR variant,Conflicting classifications of pathogenicity,"criteria provided, conflicting classifications",LB,2018-01-13,VUS,2018-01-13,2,1,True,toward_pathogenic,2018.0,2018.0
314004,PSEN1,NM_000021.4(PSEN1):c.*3941C>A,,single nucleotide variant,3 prime UTR variant,Conflicting classifications of pathogenicity,"criteria provided, conflicting classifications",LB,2018-01-13,VUS,2018-01-13,2,1,True,toward_pathogenic,2018.0,2018.0
1153577,PSEN1,NM_000021.4(PSEN1):c.-136+213G>A,,single nucleotide variant,intron variant,Conflicting classifications of pathogenicity,"criteria provided, conflicting classifications",LB,2020-12-27,VUS,2026-02-27,3,3,True,toward_pathogenic,2020.0,2026.0
2577038,PSEN1,NM_000021.4(PSEN1):c.95A>G (p.Asn32Ser),"N28S, N32S",single nucleotide variant,missense variant,Conflicting classifications of pathogenicity,"criteria provided, conflicting classifications",LB,2023-02-22,VUS,2023-07-03,2,2,True,toward_pathogenic,2023.0,2023.0
295999,PSEN2,NM_000447.3(PSEN2):c.*120G>A,,single nucleotide variant,3 prime UTR variant,Conflicting classifications of pathogenicity,"criteria provided, conflicting classifications",LB,2018-01-12,VUS,2018-01-12,2,1,True,toward_pathogenic,2018.0,2018.0
3251598,PSEN2,NM_000447.3(PSEN2):c.1305G>T (p.Arg435=),,single nucleotide variant,synonymous variant,Conflicting classifications of pathogenicity,"criteria provided, conflicting classifications",LB,2024-04-02,VUS,2024-07-23,2,2,True,toward_pathogenic,2024.0,2024.0
192129,PSEN2,NM_000447.3(PSEN2):c.208G>A (p.Gly70Arg),G70R,single nucleotide variant,missense variant,Conflicting classifications of pathogenicity,"criteria provided, conflicting classifications",LB,2013-06-24,VUS,2025-02-04,5,5,True,toward_pathogenic,2013.0,2025.0
522336,TREM2,NM_018965.4(TREM2):c.514C>T (p.Pro172Ser),P172S,single nucleotide variant,missense variant|intron variant,Conflicting classifications of pathogenicity,"criteria provided, conflicting classifications",LB,2016-03-22,VUS,2025-08-13,5,5,True,toward_pathogenic,2016.0,2025.0
1391887,TREM2,NM_018965.4(TREM2):c.83C>T (p.Ala28Val),A28V,single nucleotide variant,missense variant,Conflicting classifications of pathogenicity,"criteria provided, conflicting classifications",LB,2020-03-19,VUS,2025-01-06,3,3,True,toward_pathogenic,2020.0,2025.0
98231,MAPT,NM_001377265.1(MAPT):c.2263G>A (p.Val755Ile),"V680I, V363I, V332I, V305I, V698I, V303I, V274I, V334I, V658I, V755I",single nucleotide variant,missense variant|non-coding transcript variant|intron variant,Conflicting classifications of pathogenicity,"criteria provided, conflicting classifications",LP,2016-08-01,P,2025-01-02,7,7,True,toward_pathogenic,2016.0,2025.0
98018,PSEN1,NM_000021.4(PSEN1):c.350C>T (p.Pro117Leu),"P117L, P113L",single nucleotide variant,missense variant,Pathogenic/Likely pathogenic,"criteria provided, multiple submitters, no conflicts",LP,2022-03-01,P,2024-05-15,3,3,True,toward_pathogenic,2022.0,2024.0
98022,PSEN1,NM_000021.4(PSEN1):c.404A>G (p.Asn135Ser),"N135S, N131S",single nucleotide variant,missense variant,Pathogenic/Likely pathogenic,"criteria provided, multiple submitters, no conflicts",LP,2018-07-26,P,2024-02-25,4,4,True,toward_pathogenic,2018.0,2024.0
586386,PSEN1,NM_000021.4(PSEN1):c.635C>A (p.Ser212Tyr),"S212Y, S208Y",single nucleotide variant,missense variant,Pathogenic/Likely pathogenic,"criteria provided, multiple submitters, no conflicts",LP,2017-04-26,P,2023-08-24,2,2,True,toward_pathogenic,2017.0,2023.0
21028,PSEN1,NM_000021.4(PSEN1):c.697A>G (p.Met233Val),"M233V, M229V",single nucleotide variant,missense variant,Pathogenic/Likely pathogenic,"criteria provided, multiple submitters, no conflicts",LP,2019-01-07,P,2024-06-07,6,6,True,toward_pathogenic,2019.0,2024.0
98068,PSEN1,NM_000021.4(PSEN1):c.698T>C (p.Met233Thr),"M233T, M229T",single nucleotide variant,missense variant,Pathogenic/Likely pathogenic,"criteria provided, multiple submitters, no conflicts",LP,2022-01-03,P,2023-03-21,3,3,True,toward_pathogenic,2022.0,2023.0
691947,PSEN1,NM_000021.4(PSEN1):c.781G>A (p.Val261Ile),"V257I, V261I",single nucleotide variant,missense variant,Pathogenic,"criteria provided, single submitter",LP,2019-02-28,P,2025-02-26,2,2,True,toward_pathogenic,2019.0,2025.0
1178341,PSEN1,NM_000021.4(PSEN1):c.782T>C (p.Val261Ala),"V257A, V261A",single nucleotide variant,missense variant,Conflicting classifications of pathogenicity,"criteria provided, conflicting classifications",LP,2021-06-01,P,2024-10-09,4,4,True,toward_pathogenic,2021.0,2024.0
4071989,PSEN1,NM_000021.4(PSEN1):c.784T>G (p.Leu262Val),"L258V, L262V",single nucleotide variant,missense variant,Pathogenic/Likely pathogenic,"criteria provided, multiple submitters, no conflicts",LP,2024-01-11,P,2025-08-18,2,2,True,toward_pathogenic,2024.0,2025.0
98077,PSEN1,NM_000021.4(PSEN1):c.786G>C (p.Leu262Phe),"L262F, L258F",single nucleotide variant,missense variant,Pathogenic/Likely pathogenic,"criteria provided, multiple submitters, no conflicts",LP,2018-11-26,P,2026-03-18,8,8,True,toward_pathogenic,2018.0,2026.0
98080,PSEN1,NM_000021.4(PSEN1):c.791C>T (p.Pro264Leu),"P264L, P260L",single nucleotide variant,missense variant,Pathogenic/Likely pathogenic,"criteria provided, multiple submitters, no conflicts",LP,2015-02-06,P,2025-02-02,7,7,True,toward_pathogenic,2015.0,2025.0
3381122,PSEN1,NM_000021.4(PSEN1):c.849T>G (p.Phe283Leu),"F279L, F283L",single nucleotide variant,missense variant,Pathogenic/Likely pathogenic,"criteria provided, multiple submitters, no conflicts",LP,2024-08-15,P,2024-08-20,2,2,True,toward_pathogenic,2024.0,2024.0
599622,PSEN1,NM_000021.4(PSEN1):c.869-1G>A,,single nucleotide variant,splice acceptor variant,Pathogenic/Likely pathogenic,"criteria provided, multiple submitters, no conflicts",LP,2017-02-01,P,2023-03-21,4,4,True,toward_pathogenic,2017.0,2023.0
98235,APP,NM_000484.4(APP):c.2030A>G (p.His677Arg),"H677R, H546R, H567R, H658R, H602R, H621R, H659R, H584R, H640R, H653R",single nucleotide variant,missense variant,Conflicting classifications of pathogenicity,"criteria provided, conflicting classifications",LP,2020-11-03,VUS,2022-12-16,3,3,True,toward_benign,2020.0,2022.0
638317,APP,NM_000484.4(APP):c.2125G>A (p.Gly709Ser),"G709S, G616S, G653S, G685S, G599S, G690S, G634S, G578S, G672S, G691S",single nucleotide variant,missense variant,Conflicting classifications of pathogenicity,"criteria provided, conflicting classifications",LP,2019-04-27,VUS,2024-12-07,3,2,True,toward_benign,2019.0,2024.0
98213,MAPT,NM_001377265.1(MAPT):c.2014AAG[1] (p.Lys673del),"K598del, K616del, K223del, K252del, K281del, K673del",Microsatellite,inframe_deletion|intron variant,Conflicting classifications of pathogenicity,"criteria provided, conflicting classifications",LP,2019-06-07,VUS,2024-04-18,4,4,True,toward_benign,2019.0,2024.0
98223,MAPT,NM_001377265.1(MAPT):c.2091+19C>G,,single nucleotide variant,intron variant,Conflicting classifications of pathogenicity,"criteria provided, conflicting classifications",LP,2018-01-23,VUS,2024-06-04,4,4,True,toward_benign,2018.0,2024.0
1026266,PSEN1,NM_000021.4(PSEN1):c.338+7A>G,,single nucleotide variant,intron variant,Conflicting classifications of pathogenicity,"criteria provided, conflicting classifications",LP,2022-01-05,VUS,2025-07-08,3,3,True,toward_benign,2022.0,2025.0
1709203,PSEN1,NM_000021.4(PSEN1):c.504ATC[1] (p.Ser170del),"S166del, S170del",Microsatellite,inframe_deletion,Conflicting classifications of pathogenicity,"criteria provided, conflicting classifications",LP,2022-03-15,VUS,2022-05-29,2,2,True,toward_benign,2022.0,2022.0
424013,PSEN2,NM_000447.3(PSEN2):c.448G>A (p.Val150Met),V150M,single nucleotide variant,missense variant,Conflicting classifications of pathogenicity,"criteria provided, conflicting classifications",LP,2017-02-01,VUS,2025-01-06,3,3,True,toward_benign,2017.0,2025.0
18156,PSEN1,NM_000021.4(PSEN1):c.998A>G (p.Asp333Gly),"D333G, D329G",single nucleotide variant,missense variant,Conflicting classifications of pathogenicity,"criteria provided, conflicting classifications",P,2006-12-01,B,2025-09-19,4,4,True,toward_benign,2006.0,2025.0
17848,APOE,NM_000041.2(APOE):c.526C>T (p.Arg176Cys),"R176C, R202C",single nucleotide variant,missense variant,drug response,reviewed by expert panel,P,2005-10-01,LB,2025-02-16,12,12,True,toward_benign,2005.0,2025.0
17851,APOE,NM_000041.4(APOE):c.487C>T (p.Arg163Cys),"R163C, R189C",single nucleotide variant,missense variant,Conflicting classifications of pathogenicity,"criteria provided, conflicting classifications",P,1988-11-01,LB,2026-02-01,13,13,True,toward_benign,1988.0,2026.0
17876,APOE,NM_000041.4(APOE):c.940A>C (p.Ser314Arg),"S314R, S340R",single nucleotide variant,missense variant,Conflicting classifications of pathogenicity,"criteria provided, conflicting classifications",P,1993-05-01,LB,2025-09-11,3,3,True,toward_benign,1993.0,2025.0
8852,PSEN2,NM_000447.3(PSEN2):c.389C>T (p.Ser130Leu),S130L,single nucleotide variant,missense variant,Benign/Likely benign,"criteria provided, multiple submitters, no conflicts",P,2006-12-01,LB,2026-02-03,11,9,True,toward_benign,2006.0,2026.0
441268,APOE,NM_000041.3(APOE):c.[137T>C;388T>C],"C130R, C156R, L46P, L72P",Haplotype,missense variant,Pathogenic/Likely pathogenic,no assertion criteria provided,P,2017-02-15,LP,2020-05-27,2,2,True,toward_benign,2017.0,2020.0
17850,APOE,NM_000041.4(APOE):c.460C>A (p.Arg154Ser),"R154S, R180S",single nucleotide variant,missense variant,Likely pathogenic,"criteria provided, multiple submitters, no conflicts",P,1988-11-01,LP,2025-07-29,3,3,True,toward_benign,1988.0,2025.0
17862,APOE,NM_000041.4(APOE):c.683G>A (p.Trp228Ter),"W228*, W254*",single nucleotide variant,nonsense,Likely pathogenic,"criteria provided, multiple submitters, no conflicts",P,1992-11-01,LP,2025-04-16,4,3,True,toward_benign,1992.0,2025.0
18103,APP,NM_000484.4(APP):c.2113C>G (p.Leu705Val),"L705V, L595V, L686V, L687V, L574V, L612V, L630V, L668V, L681V, L649V",single nucleotide variant,missense variant,Likely pathogenic,"criteria provided, single submitter",P,2009-07-01,LP,2024-01-24,3,3,True,toward_benign,2009.0,2024.0
18094,APP,NM_000484.4(APP):c.2137G>A (p.Ala713Thr),"A713T, A620T, A657T, A676T, A694T, A582T, A603T, A638T, A689T, A695T",single nucleotide variant,missense variant,Likely pathogenic,"criteria provided, multiple submitters, no conflicts",P,2004-09-14,LP,2025-12-11,9,9,True,toward_benign,2004.0,2025.0
14261,MAPT,NM_001377265.1(MAPT):c.14G>A (p.Arg5His),R5H,single nucleotide variant,missense variant|non-coding transcript variant,Conflicting classifications of pathogenicity,"criteria provided, conflicting classifications",P,2002-04-01,LP,2024-02-19,3,3,True,toward_benign,2002.0,2024.0
14256,MAPT,NM_001377265.1(MAPT):c.2077C>T (p.Pro693Ser),"P301S, P243S, P272S, P618S, P636S, P693S",single nucleotide variant,missense variant|intron variant,Likely pathogenic,"criteria provided, single submitter",P,2005-12-01,LP,2024-02-15,3,3,True,toward_benign,2005.0,2024.0
98217,MAPT,NM_001377265.1(MAPT):c.2091T>C (p.Ser697=),,single nucleotide variant,synonymous variant|intron variant,Pathogenic/Likely pathogenic,"criteria provided, multiple submitters, no conflicts",P,2019-05-28,LP,2024-02-24,3,3,True,toward_benign,2019.0,2024.0
665222,MAPT,NM_001377265.1(MAPT):c.2184G>C (p.Gln728His),"Q247H, Q276H, Q336H, Q653H, Q278H, Q307H, Q305H, Q671H, Q631H, Q728H",single nucleotide variant,missense variant|non-coding transcript variant|intron variant,Pathogenic/Likely pathogenic,"criteria provided, multiple submitters, no conflicts",P,2018-02-01,LP,2024-10-15,2,2,True,toward_benign,2018.0,2024.0
120170,PSEN1,NM_000021.4(PSEN1):c.1141C>T (p.Leu381Phe),"L381F, L377F",single nucleotide variant,missense variant,Likely pathogenic,"criteria provided, multiple submitters, no conflicts",P,2014-01-01,LP,2023-11-04,3,3,True,toward_benign,2014.0,2023.0
845851,PSEN1,NM_000021.4(PSEN1):c.1254G>C (p.Leu418Phe),"L414F, L418F",single nucleotide variant,missense variant,Pathogenic/Likely pathogenic,"criteria provided, multiple submitters, no conflicts",P,2019-11-25,LP,2022-08-15,2,2,True,toward_benign,2019.0,2022.0
18145,PSEN1,NM_000021.4(PSEN1):c.338T>C (p.Leu113Pro),"L113P, L109P",single nucleotide variant,missense variant,Likely pathogenic,"criteria provided, multiple submitters, no conflicts",P,2000-11-28,LP,2019-10-16,5,5,True,toward_benign,2000.0,2019.0
3759252,PSEN1,NM_000021.4(PSEN1):c.416T>A (p.Met139Lys),"M135K, M139K",single nucleotide variant,missense variant,Pathogenic/Likely pathogenic,"criteria provided, multiple submitters, no conflicts",P,2024-10-27,LP,2025-02-11,2,2,True,toward_benign,2024.0,2025.0
98041,PSEN1,NM_000021.4(PSEN1):c.506C>T (p.Ser169Leu),"S169L, S165L",single nucleotide variant,missense variant,Pathogenic/Likely pathogenic,"criteria provided, multiple submitters, no conflicts",P,2022-05-27,LP,2025-09-25,3,3,True,toward_benign,2022.0,2025.0
18159,PSEN1,NM_000021.4(PSEN1):c.649G>C (p.Gly217Arg),"G217R, G213R",single nucleotide variant,missense variant,Likely pathogenic,"criteria provided, multiple submitters, no conflicts",P,2009-08-11,LP,2025-04-08,3,3,True,toward_benign,2009.0,2025.0
992565,PSEN1,NM_000021.4(PSEN1):c.799C>A (p.Pro267Thr),"P263T, P267T",single nucleotide variant,missense variant,Pathogenic/Likely pathogenic,"criteria provided, multiple submitters, no conflicts",P,2020-07-01,LP,2024-12-12,2,2,True,toward_benign,2020.0,2024.0
18133,PSEN1,NM_000021.4(PSEN1):c.799C>T (p.Pro267Ser),"P267S, P263S",single nucleotide variant,missense variant,Likely pathogenic,"criteria provided, single submitter",P,1995-10-01,LP,2016-11-02,3,3,True,toward_benign,1995.0,2016.0
1917985,PSEN1,NM_000021.4(PSEN1):c.845T>C (p.Leu282Pro),"L282P, L278P",single nucleotide variant,missense variant,Pathogenic/Likely pathogenic,"criteria provided, multiple submitters, no conflicts",P,2023-08-20,LP,2025-07-09,2,2,True,toward_benign,2023.0,2025.0
5217,TREM2,NM_018965.4(TREM2):c.132G>A (p.Trp44Ter),W44*,single nucleotide variant,nonsense,Likely pathogenic,"criteria provided, single submitter",P,2002-09-01,LP,2019-10-17,2,2,True,toward_benign,2002.0,2019.0
5213,TREM2,NM_018965.4(TREM2):c.233G>A (p.Trp78Ter),W78*,single nucleotide variant,nonsense,Likely pathogenic,"criteria provided, single submitter",P,2002-09-01,LP,2019-10-17,3,3,True,toward_benign,2002.0,2019.0
5218,TREM2,NM_018965.4(TREM2):c.377T>G (p.Val126Gly),V126G,single nucleotide variant,missense variant,Pathogenic/Likely pathogenic,"criteria provided, multiple submitters, no conflicts",P,2005-05-10,LP,2025-03-20,5,5,True,toward_benign,2005.0,2025.0
5215,TREM2,NM_018965.4(TREM2):c.401A>G (p.Asp134Gly),D134G,single nucleotide variant,missense variant,Conflicting classifications of pathogenicity,"criteria provided, conflicting classifications",P,2002-09-01,LP,2025-07-11,3,3,True,toward_benign,2002.0,2025.0
17871,APOE,NM_000041.4(APOE):c.178A>G (p.Thr60Ala),"T60A, T86A",single nucleotide variant,missense variant,Conflicting classifications of pathogenicity,"criteria provided, conflicting classifications",P,2016-08-05,VUS,2026-04-16,3,3,True,toward_benign,2016.0,2026.0
17865,APOE,NM_000041.4(APOE):c.488G>A (p.Arg163His),"R163H, R189H",single nucleotide variant,missense variant,Conflicting classifications of pathogenicity,"criteria provided, conflicting classifications",P,1990-11-01,VUS,2024-06-12,3,3,True,toward_benign,1990.0,2024.0
478872,APOE,NM_000041.4(APOE):c.761T>A (p.Val254Glu),"V254E, V280E",single nucleotide variant,missense variant,Uncertain significance,"criteria provided, multiple submitters, no conflicts",P,1993-05-01,VUS,2025-09-16,5,5,True,toward_benign,1993.0,2025.0
440842,APOE,NM_000041.4(APOE):c.91G>A (p.Glu31Lys),"E31K, E57K",single nucleotide variant,missense variant,Conflicting classifications of pathogenicity,"criteria provided, conflicting classifications",P,1991-04-01,VUS,2024-06-05,3,3,True,toward_benign,1991.0,2024.0
18095,APP,NM_000484.4(APP):c.1995G>C (p.Glu665Asp),"E665D, E572D, E590D, E609D, E628D, E641D, E534D, E646D, E647D, E555D",single nucleotide variant,missense variant,Uncertain significance,"criteria provided, multiple submitters, no conflicts",P,1994-04-01,VUS,2025-06-10,6,6,True,toward_benign,1994.0,2025.0
635001,PSEN1,NM_000021.4(PSEN1):c.551A>G (p.Glu184Gly),"E184G, E180G",single nucleotide variant,missense variant,Conflicting classifications of pathogenicity,"criteria provided, conflicting classifications",P,2018-11-08,VUS,2019-05-23,2,2,True,toward_benign,2018.0,2019.0
1374628,PSEN1,NM_000021.4(PSEN1):c.640C>A (p.His214Asn),"H210N, H214N",single nucleotide variant,missense variant,Conflicting classifications of pathogenicity,"criteria provided, conflicting classifications",P,2021-08-23,VUS,2023-06-13,2,2,True,toward_benign,2021.0,2023.0
8848,PSEN2,NM_000447.3(PSEN2):c.1289C>T (p.Thr430Met),"T430M, T429M",single nucleotide variant,missense variant,Uncertain significance,"criteria provided, multiple submitters, no conflicts",P,2003-08-01,VUS,2026-02-27,4,4,True,toward_benign,2003.0,2026.0
8847,PSEN2,NM_000447.3(PSEN2):c.1316A>C (p.Asp439Ala),"D439A, D438A",single nucleotide variant,missense variant,Uncertain significance,"criteria provided, multiple submitters, no conflicts",P,2001-11-27,VUS,2023-04-15,5,5,True,toward_benign,2001.0,2023.0
5214,TREM2,NM_018965.4(TREM2):c.558G>T (p.Lys186Asn),K186N,single nucleotide variant,missense variant|intron variant,Uncertain significance,"criteria provided, single submitter",P,2002-09-01,VUS,2019-10-17,2,2,True,toward_benign,2002.0,2019.0
478832,APOE,NM_000041.4(APOE):c.784G>A (p.Glu262Lys),"E262K, E288K",single nucleotide variant,missense variant,Conflicting classifications of pathogenicity,"criteria provided, conflicting classifications",VUS,2021-08-10,B,2024-09-25,2,2,True,toward_benign,2021.0,2024.0
478838,APOE,NM_000041.4(APOE):c.787G>A (p.Glu263Lys),"E263K, E289K",single nucleotide variant,missense variant,Conflicting classifications of pathogenicity,"criteria provided, conflicting classifications",VUS,2021-08-10,B,2024-09-25,2,2,True,toward_benign,2021.0,2024.0
339632,APP,NM_000484.4(APP):c.1810G>A (p.Val604Met),"V604M, V529M, V473M, V548M, V494M, V580M, V585M",single nucleotide variant,missense variant,Conflicting classifications of pathogenicity,"criteria provided, conflicting classifications",VUS,2018-01-13,B,2025-09-20,4,4,True,toward_benign,2018.0,2025.0
339645,APP,NM_000484.4(APP):c.592T>C (p.Ser198Pro),"S198P, S142P, S163P, S193P",single nucleotide variant,missense variant,Conflicting classifications of pathogenicity,"criteria provided, conflicting classifications",VUS,2016-03-24,B,2025-08-10,5,5,True,toward_benign,2016.0,2025.0
524209,APP,NM_000484.4(APP):c.663-9C>A,,single nucleotide variant,intron variant,Conflicting classifications of pathogenicity,"criteria provided, conflicting classifications",VUS,2018-01-13,B,2025-10-29,3,3,True,toward_benign,2018.0,2025.0
313965,PSEN1,NM_000021.4(PSEN1):c.*1381G>A,,single nucleotide variant,3 prime UTR variant,Conflicting classifications of pathogenicity,"criteria provided, conflicting classifications",VUS,2018-01-13,B,2023-06-01,3,2,True,toward_benign,2018.0,2023.0
313958,PSEN1,NM_000021.4(PSEN1):c.*672G>A,,single nucleotide variant,3 prime UTR variant,Conflicting classifications of pathogenicity,"criteria provided, conflicting classifications",VUS,2018-01-13,B,2022-05-01,3,2,True,toward_benign,2018.0,2022.0
296002,PSEN2,NM_000447.3(PSEN2):c.*306G>A,,single nucleotide variant,3 prime UTR variant,Conflicting classifications of pathogenicity,"criteria provided, conflicting classifications",VUS,2018-01-13,B,2022-10-01,3,2,True,toward_benign,2018.0,2022.0
718148,TREM2,NM_018965.4(TREM2):c.*107G>T,E202D,single nucleotide variant,missense variant|3 prime UTR variant,Conflicting classifications of pathogenicity,"criteria provided, conflicting classifications",VUS,2017-08-01,B,2026-01-15,2,2,True,toward_benign,2017.0,2026.0
499713,TREM2,NM_018965.4(TREM2):c.677-6T>C,,single nucleotide variant,intron variant,Conflicting classifications of pathogenicity,"criteria provided, conflicting classifications",VUS,2017-01-26,B,2024-08-31,5,5,True,toward_benign,2017.0,2024.0
356675,TREM2,NM_018965.4(TREM2):c.690G>A (p.Thr230=),V166M,single nucleotide variant,missense variant|synonymous variant,Conflicting classifications of pathogenicity,"criteria provided, conflicting classifications",VUS,2018-01-13,B,2026-01-22,3,3,True,toward_benign,2018.0,2026.0
1722323,APOE,NM_000041.4(APOE):c.-24+82G>A,D19N,single nucleotide variant,missense variant|intron variant,Conflicting classifications of pathogenicity,"criteria provided, conflicting classifications",VUS,2020-09-02,LB,2023-12-12,3,3,True,toward_benign,2020.0,2023.0
242765,APOE,NM_000041.4(APOE):c.137T>C (p.Leu46Pro),"L46P, L72P",single nucleotide variant,missense variant,Conflicting classifications of pathogenicity,"criteria provided, conflicting classifications",VUS,2016-01-01,LB,2025-12-01,7,7,True,toward_benign,2016.0,2025.0
1803815,APOE,NM_000041.4(APOE):c.31A>G (p.Thr11Ala),"T11A, T37A",single nucleotide variant,missense variant,Conflicting classifications of pathogenicity,"criteria provided, conflicting classifications",VUS,2021-04-09,LB,2025-07-31,2,2,True,toward_benign,2021.0,2025.0
3308503,APOE,NM_000041.4(APOE):c.323G>A (p.Arg108Gln),"R134Q, R108Q",single nucleotide variant,missense variant,Likely benign,"criteria provided, single submitter",VUS,2024-04-17,LB,2024-05-21,2,2,True,toward_benign,2024.0,2024.0
4613723,APOE,NM_000041.4(APOE):c.913G>A (p.Val305Met),"V305M, V331M",single nucleotide variant,missense variant,Conflicting classifications of pathogenicity,"criteria provided, conflicting classifications",VUS,2025-08-13,LB,2025-09-30,2,2,True,toward_benign,2025.0,2025.0
1156848,APP,NC_000021.9:g.26171246G>A,,single nucleotide variant,,Conflicting classifications of pathogenicity,"criteria provided, conflicting classifications",VUS,2019-11-26,LB,2022-10-14,3,3,True,toward_benign,2019.0,2022.0
3128067,APP,NM_000484.4(APP):c.1040A>G (p.Gln347Arg),"Q291R, Q347R",single nucleotide variant,missense variant|intron variant,Conflicting classifications of pathogenicity,"criteria provided, conflicting classifications",VUS,2024-02-27,LB,2025-07-03,2,2,True,toward_benign,2024.0,2025.0
339640,APP,NM_000484.4(APP):c.1224+12T>C,,single nucleotide variant,intron variant,Conflicting classifications of pathogenicity,"criteria provided, conflicting classifications",VUS,2018-01-13,LB,2023-06-09,2,2,True,toward_benign,2018.0,2023.0
1522518,APP,NM_000484.4(APP):c.1450C>T (p.Pro484Ser),"P484S, P353S, P374S, P465S, P409S, P428S, P460S",single nucleotide variant,missense variant,Conflicting classifications of pathogenicity,"criteria provided, conflicting classifications",VUS,2021-10-21,LB,2022-12-02,2,2,True,toward_benign,2021.0,2022.0
339637,APP,NM_000484.4(APP):c.1458+9C>T,,single nucleotide variant,intron variant,Conflicting classifications of pathogenicity,"criteria provided, conflicting classifications",VUS,2018-01-13,LB,2025-07-27,2,2,True,toward_benign,2018.0,2025.0
1372949,APP,NM_000484.4(APP):c.1580G>A (p.Arg527Gln),"R417Q, R396Q, R452Q, R527Q, R503Q, R471Q, R508Q",single nucleotide variant,missense variant,Conflicting classifications of pathogenicity,"criteria provided, conflicting classifications",VUS,2021-07-30,LB,2025-05-09,3,3,True,toward_benign,2021.0,2025.0
339633,APP,NM_000484.4(APP):c.1689T>C (p.Asp563=),,single nucleotide variant,synonymous variant,Conflicting classifications of pathogenicity,"criteria provided, conflicting classifications",VUS,2018-01-13,LB,2026-01-13,2,2,True,toward_benign,2018.0,2026.0
894930,APP,NM_000484.4(APP):c.1751C>G (p.Pro584Arg),"P565R, P453R, P474R, P509R, P560R, P528R, P584R",single nucleotide variant,missense variant,Conflicting classifications of pathogenicity,"criteria provided, conflicting classifications",VUS,2018-01-12,LB,2025-10-01,3,3,True,toward_benign,2018.0,2025.0
729651,APP,NM_000484.4(APP):c.1799C>T (p.Thr600Met),"T469M, T490M, T576M, T581M, T600M, T525M, T544M",single nucleotide variant,missense variant,Conflicting classifications of pathogenicity,"criteria provided, conflicting classifications",VUS,2024-07-15,LB,2025-10-01,3,3,True,toward_benign,2024.0,2025.0
3308759,APP,NM_000484.4(APP):c.1815G>C (p.Glu605Asp),"E495D, E581D, E530D, E549D, E474D, E586D, E605D",single nucleotide variant,missense variant,Conflicting classifications of pathogenicity,"criteria provided, conflicting classifications",VUS,2024-06-17,LB,2025-10-07,2,2,True,toward_benign,2024.0,2025.0
1359826,APP,NM_000484.4(APP):c.2020G>C (p.Glu674Gln),"E599Q, E674Q, E637Q, E655Q, E543Q, E581Q, E564Q, E618Q, E650Q, E656Q",single nucleotide variant,missense variant,Conflicting classifications of pathogenicity,"criteria provided, conflicting classifications",VUS,2024-07-20,LB,2025-10-17,4,4,True,toward_benign,2024.0,2025.0
1132106,APP,NM_000484.4(APP):c.2212-9_2212-6del,,Deletion,intron variant,Conflicting classifications of pathogenicity,"criteria provided, conflicting classifications",VUS,2021-03-01,LB,2024-03-02,2,2,True,toward_benign,2021.0,2024.0
339644,APP,NM_000484.4(APP):c.602C>T (p.Ala201Val),"A201V, A196V, A145V, A166V",single nucleotide variant,missense variant,Conflicting classifications of pathogenicity,"criteria provided, conflicting classifications",VUS,2018-01-12,LB,2025-10-17,2,2,True,toward_benign,2018.0,2025.0
339643,APP,NM_000484.4(APP):c.618G>A (p.Ser206=),,single nucleotide variant,synonymous variant,Conflicting classifications of pathogenicity,"criteria provided, conflicting classifications",VUS,2018-01-13,LB,2025-12-23,2,2,True,toward_benign,2018.0,2025.0
898004,APP,NM_000484.4(APP):c.704C>T (p.Ala235Val),"A200V, A235V, A179V, A230V",single nucleotide variant,missense variant,Conflicting classifications of pathogenicity,"criteria provided, conflicting classifications",VUS,2016-01-01,LB,2025-12-22,4,4,True,toward_benign,2016.0,2025.0
898003,APP,NM_000484.4(APP):c.727G>A (p.Asp243Asn),"D238N, D243N, D187N, D208N",single nucleotide variant,missense variant,Conflicting classifications of pathogenicity,"criteria provided, conflicting classifications",VUS,2017-04-27,LB,2023-11-19,2,2,True,toward_benign,2017.0,2023.0
1695024,APP,NM_000484.4(APP):c.736G>A (p.Glu246Lys),"E190K, E211K, E241K, E246K",single nucleotide variant,missense variant,Conflicting classifications of pathogenicity,"criteria provided, conflicting classifications",VUS,2022-05-01,LB,2025-07-20,2,2,True,toward_benign,2022.0,2025.0
870542,APP,NM_000484.4(APP):c.742G>A (p.Asp248Asn),"D243N, D192N, D213N, D248N",single nucleotide variant,missense variant,Conflicting classifications of pathogenicity,"criteria provided, conflicting classifications",VUS,2019-10-28,LB,2025-10-27,3,3,True,toward_benign,2019.0,2025.0
2684335,APP,NM_000484.4(APP):c.819CAC[6] (p.Thr280del),"T224del, T245del, T275del, T280del",Microsatellite,inframe_deletion,Uncertain significance,"criteria provided, single submitter",VUS,2023-03-13,LB,2024-07-02,2,2,True,toward_benign,2023.0,2024.0
339641,APP,NM_000484.4(APP):c.819CAC[8] (p.Thr280dup),,Microsatellite,inframe_insertion,Conflicting classifications of pathogenicity,"criteria provided, conflicting classifications",VUS,2022-12-27,LB,2025-10-16,4,4,True,toward_benign,2022.0,2025.0
704545,APP,NM_000484.4(APP):c.885C>T (p.Ala295=),,single nucleotide variant,synonymous variant|intron variant,Conflicting classifications of pathogenicity,"criteria provided, conflicting classifications",VUS,2018-01-12,LB,2025-12-03,2,2,True,toward_benign,2018.0,2025.0
1028288,APP,NM_000484.4(APP):c.917G>A (p.Arg306His),"R306H, R250H, R301H",single nucleotide variant,missense variant|intron variant,Conflicting classifications of pathogenicity,"criteria provided, conflicting classifications",VUS,2019-07-05,LB,2025-01-23,4,4,True,toward_benign,2019.0,2025.0
896374,APP,NM_000484.4(APP):c.982C>T (p.Arg328Trp),"R323W, R272W, R328W",single nucleotide variant,missense variant|intron variant,Conflicting classifications of pathogenicity,"criteria provided, conflicting classifications",VUS,2018-01-13,LB,2025-12-29,7,7,True,toward_benign,2018.0,2025.0
3036349,MAPT,NM_001377265.1(MAPT):c.1568G>A (p.Arg523Gln),"R448Q, R523Q",single nucleotide variant,missense variant|intron variant,Conflicting classifications of pathogenicity,"criteria provided, conflicting classifications",VUS,2023-12-06,LB,2025-09-01,3,3,True,toward_benign,2023.0,2025.0
2498709,MAPT,NM_001377265.1(MAPT):c.1732+2365C>A,P512H,single nucleotide variant,missense variant|intron variant,Likely benign,"criteria provided, single submitter",VUS,2023-11-03,LB,2026-03-01,2,2,True,toward_benign,2023.0,2026.0
546799,MAPT,NM_001377265.1(MAPT):c.1884G>A (p.Pro628=),,single nucleotide variant,synonymous variant|non-coding transcript variant,Conflicting classifications of pathogenicity,"criteria provided, conflicting classifications",VUS,2017-11-01,LB,2025-06-16,2,2,True,toward_benign,2017.0,2025.0
889078,MAPT,NM_001377265.1(MAPT):c.2173+9G>C,,single nucleotide variant,intron variant,Conflicting classifications of pathogenicity,"criteria provided, conflicting classifications",VUS,2018-01-13,LB,2025-05-11,3,3,True,toward_benign,2018.0,2025.0
323643,MAPT,NM_001377265.1(MAPT):c.220+2538C>G,,single nucleotide variant,intron variant,Conflicting classifications of pathogenicity,"criteria provided, conflicting classifications",VUS,2018-01-13,LB,2024-05-13,4,4,True,toward_benign,2018.0,2024.0
323648,MAPT,NM_001377265.1(MAPT):c.2271C>T (p.Gly757=),,single nucleotide variant,synonymous variant|non-coding transcript variant|intron variant,Conflicting classifications of pathogenicity,"criteria provided, conflicting classifications",VUS,2018-01-12,LB,2025-03-31,2,2,True,toward_benign,2018.0,2025.0
889079,MAPT,NM_001377265.1(MAPT):c.2319C>T (p.Asn773=),,single nucleotide variant,synonymous variant|non-coding transcript variant|intron variant,Conflicting classifications of pathogenicity,"criteria provided, conflicting classifications",VUS,2018-01-13,LB,2025-03-01,3,3,True,toward_benign,2018.0,2025.0
425138,MAPT,NM_001377265.1(MAPT):c.2364G>A (p.Ser788=),,single nucleotide variant,synonymous variant|non-coding transcript variant|intron variant,Conflicting classifications of pathogenicity,"criteria provided, conflicting classifications",VUS,2016-11-01,LB,2026-01-13,3,3,True,toward_benign,2016.0,2026.0
638372,MAPT,NM_001377265.1(MAPT):c.889C>A (p.Arg297Ser),"R222S, R297S",single nucleotide variant,missense variant|intron variant,Uncertain significance,"criteria provided, multiple submitters, no conflicts",VUS,2019-04-27,LB,2023-06-01,9,6,True,toward_benign,2019.0,2023.0
887628,PSEN1,NM_000021.4(PSEN1):c.*230G>T,,single nucleotide variant,3 prime UTR variant,Conflicting classifications of pathogenicity,"criteria provided, conflicting classifications",VUS,2017-04-27,LB,2022-12-01,3,2,True,toward_benign,2017.0,2022.0
884666,PSEN1,NM_000021.4(PSEN1):c.*2543C>T,,single nucleotide variant,3 prime UTR variant,Conflicting classifications of pathogenicity,"criteria provided, conflicting classifications",VUS,2018-01-13,LB,2018-01-13,2,1,True,toward_benign,2018.0,2018.0
884729,PSEN1,NM_000021.4(PSEN1):c.*3328C>G,,single nucleotide variant,3 prime UTR variant,Conflicting classifications of pathogenicity,"criteria provided, conflicting classifications",VUS,2018-01-12,LB,2018-01-12,2,1,True,toward_benign,2018.0,2018.0
885669,PSEN1,NM_000021.4(PSEN1):c.*3508G>A,,single nucleotide variant,3 prime UTR variant,Conflicting classifications of pathogenicity,"criteria provided, conflicting classifications",VUS,2018-01-13,LB,2018-01-13,2,1,True,toward_benign,2018.0,2018.0
885730,PSEN1,NM_000021.4(PSEN1):c.*4113G>A,,single nucleotide variant,3 prime UTR variant,Conflicting classifications of pathogenicity,"criteria provided, conflicting classifications",VUS,2018-01-12,LB,2018-01-12,2,1,True,toward_benign,2018.0,2018.0
313948,PSEN1,NM_000021.4(PSEN1):c.1002C>T (p.Gly334=),,single nucleotide variant,synonymous variant,Conflicting classifications of pathogenicity,"criteria provided, conflicting classifications",VUS,2018-01-13,LB,2024-12-09,6,5,True,toward_benign,2018.0,2024.0
98004,PSEN1,NM_000021.4(PSEN1):c.104G>A (p.Arg35Gln),"R35Q, R31Q",single nucleotide variant,missense variant,Conflicting classifications of pathogenicity,"criteria provided, conflicting classifications",VUS,2013-06-24,LB,2025-11-27,8,7,True,toward_benign,2013.0,2025.0
1644912,PSEN1,NM_000021.4(PSEN1):c.1063C>T (p.Pro355Ser),"P351S, P355S",single nucleotide variant,missense variant,Conflicting classifications of pathogenicity,"criteria provided, conflicting classifications",VUS,2024-05-23,LB,2026-01-15,3,3,True,toward_benign,2024.0,2026.0
1505666,PSEN1,NM_000021.4(PSEN1):c.118_120del (p.Asp40del),"D40del, D36del",Deletion,inframe_deletion,Conflicting classifications of pathogenicity,"criteria provided, conflicting classifications",VUS,2024-09-10,LB,2025-08-04,4,4,True,toward_benign,2024.0,2025.0
1518360,PSEN1,NM_000021.4(PSEN1):c.1377A>G (p.Gln459=),,single nucleotide variant,synonymous variant,Conflicting classifications of pathogenicity,"criteria provided, conflicting classifications",VUS,2021-10-04,LB,2026-01-11,5,5,True,toward_benign,2021.0,2026.0
1077580,PSEN1,NM_000021.4(PSEN1):c.161G>A (p.Arg54Gln),"R50Q, R54Q",single nucleotide variant,missense variant,Conflicting classifications of pathogenicity,"criteria provided, conflicting classifications",VUS,2025-08-25,LB,2026-01-11,2,2,True,toward_benign,2025.0,2026.0
313944,PSEN1,NM_000021.4(PSEN1):c.21G>A (p.Pro7=),,single nucleotide variant,synonymous variant,Conflicting classifications of pathogenicity,"criteria provided, conflicting classifications",VUS,2018-01-13,LB,2025-02-19,3,2,True,toward_benign,2018.0,2025.0
313946,PSEN1,NM_000021.4(PSEN1):c.337C>T (p.Leu113=),,single nucleotide variant,synonymous variant,Conflicting classifications of pathogenicity,"criteria provided, conflicting classifications",VUS,2018-01-13,LB,2025-12-08,3,2,True,toward_benign,2018.0,2025.0
723135,PSEN1,NM_000021.4(PSEN1):c.792G>T (p.Pro264=),,single nucleotide variant,synonymous variant,Conflicting classifications of pathogenicity,"criteria provided, conflicting classifications",VUS,2017-04-27,LB,2025-09-01,5,4,True,toward_benign,2017.0,2025.0
887368,PSEN1,NM_000021.4(PSEN1):c.80G>A (p.Arg27His),R27H,single nucleotide variant,missense variant|intron variant,Conflicting classifications of pathogenicity,"criteria provided, conflicting classifications",VUS,2018-01-13,LB,2025-01-26,4,3,True,toward_benign,2018.0,2025.0
884412,PSEN1,NM_000021.4(PSEN1):c.843G>A (p.Thr281=),,single nucleotide variant,synonymous variant,Conflicting classifications of pathogenicity,"criteria provided, conflicting classifications",VUS,2017-04-27,LB,2017-04-27,2,1,True,toward_benign,2017.0,2017.0
295995,PSEN2,NM_000447.3(PSEN2):c.1077C>T (p.Gly359=),,single nucleotide variant,synonymous variant,Conflicting classifications of pathogenicity,"criteria provided, conflicting classifications",VUS,2018-01-13,LB,2025-01-05,3,2,True,toward_benign,2018.0,2025.0
191773,PSEN2,NM_000447.3(PSEN2):c.1139C>A (p.Thr380Lys),"T380K, T379K",single nucleotide variant,missense variant,Conflicting classifications of pathogenicity,"criteria provided, conflicting classifications",VUS,2013-06-24,LB,2024-06-06,3,3,True,toward_benign,2013.0,2024.0
180476,PSEN2,NM_000447.3(PSEN2):c.149A>G (p.Gln50Arg),Q50R,single nucleotide variant,missense variant,Conflicting classifications of pathogenicity,"criteria provided, conflicting classifications",VUS,2014-09-29,LB,2025-09-15,9,8,True,toward_benign,2014.0,2025.0
191770,PSEN2,NM_000447.3(PSEN2):c.166G>A (p.Gly56Ser),G56S,single nucleotide variant,missense variant,Conflicting classifications of pathogenicity,"criteria provided, conflicting classifications",VUS,2013-06-24,LB,2025-12-24,6,6,True,toward_benign,2013.0,2025.0
191771,PSEN2,NM_000447.3(PSEN2):c.205C>G (p.Pro69Ala),P69A,single nucleotide variant,missense variant,Conflicting classifications of pathogenicity,"criteria provided, conflicting classifications",VUS,2013-06-24,LB,2026-03-11,5,5,True,toward_benign,2013.0,2026.0
295988,PSEN2,NM_000447.3(PSEN2):c.222C>G (p.Gly74=),,single nucleotide variant,synonymous variant,Conflicting classifications of pathogenicity,"criteria provided, conflicting classifications",VUS,2018-01-13,LB,2024-03-26,3,2,True,toward_benign,2018.0,2024.0
706267,PSEN2,NM_000447.3(PSEN2):c.300C>T (p.Ile100=),,single nucleotide variant,synonymous variant,Conflicting classifications of pathogenicity,"criteria provided, conflicting classifications",VUS,2018-01-13,LB,2025-10-06,3,2,True,toward_benign,2018.0,2025.0
295989,PSEN2,NM_000447.3(PSEN2):c.336C>T (p.Tyr112=),,single nucleotide variant,synonymous variant,Conflicting classifications of pathogenicity,"criteria provided, conflicting classifications",VUS,2018-01-13,LB,2025-10-09,9,8,True,toward_benign,2018.0,2025.0
295991,PSEN2,NM_000447.3(PSEN2):c.690C>G (p.Ala230=),,single nucleotide variant,synonymous variant,Conflicting classifications of pathogenicity,"criteria provided, conflicting classifications",VUS,2018-01-13,LB,2025-12-03,7,6,True,toward_benign,2018.0,2025.0
874474,PSEN2,NM_000447.3(PSEN2):c.711G>A (p.Ala237=),,single nucleotide variant,synonymous variant,Conflicting classifications of pathogenicity,"criteria provided, conflicting classifications",VUS,2017-04-27,LB,2025-06-14,4,3,True,toward_benign,2017.0,2025.0
705974,PSEN2,NM_000447.3(PSEN2):c.754G>A (p.Ala252Thr),A252T,single nucleotide variant,missense variant,Conflicting classifications of pathogenicity,"criteria provided, conflicting classifications",VUS,2017-04-27,LB,2025-12-23,5,4,True,toward_benign,2017.0,2025.0
261064,TREM2,NM_018965.4(TREM2):c.259G>A (p.Asp87Asn),D87N,single nucleotide variant,missense variant,Conflicting classifications of pathogenicity,"criteria provided, conflicting classifications",VUS,2016-02-08,LB,2026-01-26,8,8,True,toward_benign,2016.0,2026.0
1448028,TREM2,NM_018965.4(TREM2):c.287C>T (p.Thr96Met),T96M,single nucleotide variant,missense variant,Uncertain significance,"criteria provided, multiple submitters, no conflicts",VUS,2022-08-23,LB,2024-09-09,3,3,True,toward_benign,2022.0,2024.0
356677,TREM2,NM_018965.4(TREM2):c.393C>T (p.Asp131=),,single nucleotide variant,synonymous variant,Conflicting classifications of pathogenicity,"criteria provided, conflicting classifications",VUS,2018-01-12,LB,2025-09-28,2,2,True,toward_benign,2018.0,2025.0
356681,TREM2,NM_018965.4(TREM2):c.40+13C>T,,single nucleotide variant,intron variant,Conflicting classifications of pathogenicity,"criteria provided, conflicting classifications",VUS,2018-01-12,LB,2026-02-01,2,2,True,toward_benign,2018.0,2026.0
904022,TREM2,NM_018965.4(TREM2):c.482+7C>T,,single nucleotide variant,intron variant,Conflicting classifications of pathogenicity,"criteria provided, conflicting classifications",VUS,2017-04-27,LB,2024-02-03,2,2,True,toward_benign,2017.0,2024.0
2955778,MAPT,NM_001377265.1(MAPT):c.1993G>A (p.Gly665Arg),"G215R, G590R, G599R, G273R, G608R, G244R, G665R",single nucleotide variant,missense variant|non-coding transcript variant,Conflicting classifications of pathogenicity,"criteria provided, conflicting classifications",VUS,2023-06-14,LP,2023-08-31,2,2,True,toward_pathogenic,2023.0,2023.0
2922173,PSEN1,NM_000021.4(PSEN1):c.1306C>G (p.Pro436Ala),"P432A, P436A",single nucleotide variant,missense variant,Conflicting classifications of pathogenicity,"criteria provided, conflicting classifications",VUS,2024-01-13,LP,2024-10-09,3,3,True,toward_pathogenic,2024.0,2024.0
665345,PSEN1,NM_000021.4(PSEN1):c.401T>G (p.Leu134Arg),"L134R, L130R",single nucleotide variant,missense variant,Conflicting classifications of pathogenicity,"criteria provided, conflicting classifications",VUS,2021-09-01,LP,2025-11-13,2,2,True,toward_pathogenic,2021.0,2025.0
861139,PSEN1,NM_000021.4(PSEN1):c.475T>C (p.Tyr159His),"Y155H, Y159H",single nucleotide variant,missense variant,Conflicting classifications of pathogenicity,"criteria provided, conflicting classifications",VUS,2019-12-21,LP,2022-12-01,2,2,True,toward_pathogenic,2019.0,2022.0
2684318,PSEN1,NM_000021.4(PSEN1):c.779C>G (p.Ala260Gly),"A256G, A260G",single nucleotide variant,missense variant,Conflicting classifications of pathogenicity,"criteria provided, conflicting classifications",VUS,2023-02-28,LP,2023-10-23,2,2,True,toward_pathogenic,2023.0,2023.0
448146,PSEN1,NM_000021.4(PSEN1):c.799C>G (p.Pro267Ala),"P267A, P263A",single nucleotide variant,missense variant,Conflicting classifications of pathogenicity,"criteria provided, conflicting classifications",VUS,2016-11-17,LP,2025-10-26,4,4,True,toward_pathogenic,2016.0,2025.0
2985383,PSEN2,NM_000447.3(PSEN2):c.850A>G (p.Arg284Gly),R284G,single nucleotide variant,missense variant,Conflicting classifications of pathogenicity,"criteria provided, conflicting classifications",VUS,2023-10-20,LP,2024-05-08,3,3,True,toward_pathogenic,2023.0,2024.0
1411431,MAPT,NC_000017.10:g.(?_43861911)_(44159928_?)del,,Deletion,,Conflicting classifications of pathogenicity,"criteria provided, conflicting classifications",VUS,2022-07-18,P,2022-08-16,2,1,True,toward_pathogenic,2022.0,2022.0
98113,PSEN1,NM_000021.4(PSEN1):c.1292C>T (p.Ala431Val),"A431V, A427V",single nucleotide variant,missense variant,Conflicting classifications of pathogenicity,"criteria provided, conflicting classifications",VUS,2017-12-29,P,2024-12-30,4,4,True,toward_pathogenic,2017.0,2024.0
3759253,PSEN1,NM_000021.4(PSEN1):c.1300G>A (p.Ala434Thr),"A430T, A434T",single nucleotide variant,missense variant,Conflicting classifications of pathogenicity,"criteria provided, conflicting classifications",VUS,2025-03-05,P,2025-10-26,2,2,True,toward_pathogenic,2025.0,2025.0
995216,PSEN1,NM_000021.4(PSEN1):c.1309A>G (p.Ile437Val),"I433V, I437V",single nucleotide variant,missense variant,Conflicting classifications of pathogenicity,"criteria provided, conflicting classifications",VUS,2019-12-31,P,2024-11-11,3,3,True,toward_pathogenic,2019.0,2024.0
98070,PSEN1,NM_000021.4(PSEN1):c.703C>G (p.Leu235Val),"L235V, L231V",single nucleotide variant,missense variant,Conflicting classifications of pathogenicity,"criteria provided, conflicting classifications",VUS,2018-08-29,P,2024-10-04,4,4,True,toward_pathogenic,2018.0,2024.0
